,Size,Mobility,Activity,Gregariousness,Position,Diet
Abantennarius_coccineus,2,1,D,1,1,FC
Abantennarius_sanguineus,2,1,D,1,1,FC
Ablennes_hians,6,4,D,4,1,FC
Abudefduf_concolor,3,2,D,3,1,HD
Abudefduf_declivifrons,3,2,D,3,1,HD
Abudefduf_saxatilis,3,2,D,4,1,FC
Abudefduf_taurus,3,2,D,3,1,HD
Abudefduf_troschelii,3,2,D,4,2,Pk
Acanthemblemaria_balanorum,1,1,D,1,1,Pk
Acanthemblemaria_crockeri,1,1,D,1,1,Pk
Acanthemblemaria_macrospilus,1,1,D,1,1,Pk
Acanthemblemaria_sp.,1,1,D,1,1,Pk
Acanthocybium_solandri,6,4,D,3,3,FC
Acanthostracion_notacanthus,4,2,D,1,1,IS
Acanthurus_achilles,3,2,D,3,3,HD
Acanthurus_bahianus,4,3,D,3,3,HD
Acanthurus_chirurgus,4,3,D,3,3,HD
Acanthurus_coeruleus,4,3,D,3,3,HD
Acanthurus_glaucopareius,4,3,D,1,2,HD
Acanthurus_nigricans,4,1,D,3,2,HD
Acanthurus_sp.,4,3,D,3,2,HD
Acanthurus_triostegus,3,4,D,4,1,HD
Acanthurus_xanthopterus,5,3,D,3,1,HD
Achirus_mazatlanus,3,3,D,1,1,FC
Achirus_scutum,3,3,D,1,1,IM
Albula_argentea,5,2,D,1,1,IM
Albula_esuncula,4,4,D,3,1,IM
Albula_gilberti,3,2,D,1,2,IM
Albula_nemoptera,5,3,D,1,1,IM
Albula_pacifica,5,3,D,1,1,IM
Albula_sp.,5,4,D,1,2,IM
Albula_vulpes,6,2,D,3,1,IM
Alectis_ciliaris,6,4,D,3,3,FC
Alloclinus_holderi,2,1,D,1,1,IM
Alphestes_afer,4,1,N,1,1,IM
Alphestes_immaculatus,3,1,N,1,1,IM
Alphestes_multiguttatus,3,1,N,1,1,IM
Aluterus_monoceros,5,4,D,2,2,HD
Aluterus_scriptus,6,4,D,1,2,OM
Ammodytoides_gilli,2,2,D,1,1,IM
Amphiatichus_koelzi,4,2,D,1,3,IM
Amphistichus_argenteus,4,3,D,3,2,IM
Amphistichus_rhodoterus,4,3,D,1,3,IM
Anarchias_galapagensis,3,1,N,1,1,IM
Anarrhichthys_ocellatus,6,1,D,1,1,FC
Anchoa_argentivittata,2,2,D,3,3,Pk
Anchoa_compressa,2,2,D,3,3,Pk
Anchoa_curta,2,2,D,1,3,Pk
Anchoa_delicatissima,2,2,D,3,2,Pk
Anchoa_exigua,1,2,D,3,3,Pk
Anchoa_helleri,2,2,D,4,3,Pk
Anchoa_ischana,3,2,D,3,3,Pk
Anchoa_lucida,2,2,D,3,3,Pk
Anchoa_mundeoloides,2,2,D,3,3,Pk
Anchoa_nasus,3,2,D,3,3,Pk
Anchoa_scofieldi,1,2,D,1,3,Pk
Anchoa_sp.,2,2,D,3,3,Pk
Anchoa_walkeri,2,2,D,3,3,Pk
Anchovia_macrolepidota,3,2,D,4,3,Pk
Ancylopsetta_dendritica,4,2,D,1,1,FC
Anisotremus_caesius,3,3,N,3,3,IM
Anisotremus_davidsonii,5,4,N,4,2,IM
Anisotremus_interruptus,5,4,N,3,2,IM
Anisotremus_sp.,5,4,N,3,2,IM
Anisotremus_surinamensis,5,3,N,3,1,IM
Anisotremus_taeniatus,4,3,N,3,2,FC
Anisotremus_virginicus,4,3,N,3,1,IM
Anoplogaster_cornuta,3,2,D,3,2,FC
Antennarius_commerson,4,1,N,1,1,FC
Antennatus_strigatus,2,1,D,1,1,FC
Antennatus_tuberosus,2,2,D,1,1,FC
Antimora_microlepis,5,4,D,1,2,IM
Apodichthys_fucorum,3,1,D,1,1,IM
Apogon_atradorsatus,2,1,N,3,2,IM
Apogon_atricaudus,2,1,N,3,2,IM
Apogon_dovii,2,1,N,3,2,IM
Apogon_guadalupensis,2,1,N,3,1,FC
Apogon_pacificus,2,1,N,3,2,Pk
Apogon_retrosella,2,1,N,3,2,Pk
Apogon_sp.,2,1,N,3,2,Pk
Apterichtus_equatorialis,4,2,N,1,1,IM
Argentina_sialis,3,2,D,1,2,Pk
Argyropelecus_affinis,2,2,D,1,2,IM
Argyropelecus_hemigymnus,1,2,N,1,2,FC
Argyropelecus_lychnus,1,2,D,1,2,IM
Argyropelecus_sladeni,2,2,D,1,2,IM
Ariopsis_guatemalensis,5,3,D,1,1,FC
Ariopsis_seemanni,4,4,D,1,1,FC
Ariosoma_gilberti,3,1,N,1,1,IM
Aristostomias_scintillans,3,2,D,1,2,IM
Arothron_hispidus,4,2,D,1,2,IS
Arothron_meleagris,4,2,D,1,2,IS
Arothron_setosus,4,2,D,1,2,IS
Artedius_corallinus,2,1,D,1,1,IM
Artedius_notospilotus,3,1,D,1,1,FC
Aruma_histrio,1,1,D,1,1,IM
Aseraggodes_herrei,2,2,D,1,1,FC
Astroscopus_zephyreus,4,3,D,1,1,FC
Atherinella_balsana,2,3,D,1,2,Pk
Atherinella_eriarcha,2,4,D,3,3,Pk
Atherinella_nepenthe,2,4,D,1,3,Pk
Atherinops_affinis,4,2,D,3,3,Pk
Atherinops_sp.,4,2,D,3,3,Pk
Atherinopsis_californiensis,4,2,D,3,3,HD
Atherinopsis_sp.,4,2,D,3,3,HD
Atractoscion_nobilis,6,4,N,4,1,FC
Aulopus_bajacali,3,2,D,1,1,FC
Aulorhynchus_flavidus,3,2,D,4,2,Pk
Aulostomus_chinensis,5,2,D,1,2,FC
Aulostomus_maculatus,6,2,D,3,1,FC
Auxis_brachydorax,4,4,D,1,3,FC
Auxis_rochei,4,4,D,3,3,FC
Auxis_thazard,5,4,D,1,3,FC
Avocettina_infans,5,1,D,1,2,IM
Axoclinus_sp.,1,1,D,1,1,OM
Axoclinus_storeyae,1,2,D,1,1,OM
Azurina_atrilobata,2,2,D,3,2,Pk
Azurina_cyanea,2,2,D,3,2,Pk
Azurina_hirundo,2,1,D,3,2,Pk
Azurina_multilineata,3,2,D,4,2,Pk
Bagre_panamensis,5,4,D,1,1,FC
Bagre_pinnimaculatus,6,4,D,1,1,FC
Bairdiella_armata,3,3,D,1,2,IM
Bairdiella_icistia,3,3,D,1,1,FC
Balistes_polylepis,5,3,D,1,1,IM
Balistes_vetula,5,3,D,1,1,IM
Barbulifer_mexicanus,1,1,D,1,1,IM
Barbulifer_pantherinus,1,1,D,1,1,IM
Bascanichthys_bascanoides,5,2,D,1,1,IM
Bascanichthys_panamensis,5,2,D,1,1,IM
Bathygobius_lineatus,2,1,D,1,1,IM
Bathygobius_ramosus,3,1,D,1,1,IM
Bathygobius_soporator,2,1,D,1,1,IM
Bathylagus_pacificus,3,1,D,1,2,IM
Bathylychnops_exilis,5,4,D,1,2,Pk
Batrachoides_pacifici,4,1,D,1,1,IM
Bellator_gymnostethus,2,3,D,1,1,Pk
Bellator_loxias,2,3,D,1,1,FC
Bellator_xenisma,2,3,D,1,1,FC
Benthosema_panamense,1,2,N,4,3,Pk
Bodianus_diplotaenia,5,3,D,1,1,IM
Bodianus_pulcher,6,4,D,1,1,IM
Bodianus_rufus,4,3,D,1,1,IM
Bolinichthys_longipes,1,1,N,1,2,Pk
Bolinichthys_pyrsobolus,2,2,N,1,3,Pk
Bollmannia_macropoma,2,1,D,1,1,IM
Bollmannia_ocellata,2,1,D,1,1,IM
Borostomias_panamensis,3,1,D,1,3,Pk
Bothus_constellatus,3,1,D,1,1,FC
Bothus_leopardinus,3,2,D,1,1,FC
Bothus_lunatus,4,1,D,1,1,FC
Bothus_mancus,5,2,N,1,1,FC
Brachygenys_californiensis,3,3,N,4,2,Pk
Brachygenys_chrysargyreum,3,3,N,3,1,Pk
Brachyistius_aletes,3,2,D,1,1,IM
Brachyistius_frenatus,3,2,D,4,1,IM
Brama_japonica,5,4,D,1,3,FC
Bregmaceros_bathymaster,2,2,D,1,3,Pk
Bregmaceros_mcclellandi,2,3,D,1,3,Pk
Brockius_striatus,1,1,D,1,1,IM
Brosmophycis_marginata,4,1,N,1,1,IM
Brotula_clarkae,6,2,N,1,2,IM
Brotula_ordwayi,5,2,N,1,2,IM
Bryx_veleronis,1,1,D,1,2,Pk
Calamus_brachysomus,5,3,D,3,1,IM
Calamus_penna,4,3,D,3,1,IM
Calamus_pennatula,4,3,D,3,1,IM
Calamus_taurinus,4,3,D,3,2,IM
Callechelys_cliffi,4,2,N,1,1,IM
Callechelys_eristigma,6,2,N,1,1,IM
Calotomus_carolinus,5,3,D,1,2,HD
Calotomus_spinidens,3,3,D,1,2,HD
Cantherhines_dumerilii,4,3,D,2,2,OM
Cantherhines_sandwichiensis,3,3,D,2,2,HD
Canthidermis_maculata,4,3,D,4,2,Pk
Canthigaster_jamestyleri,2,1,D,1,1,OM
Canthigaster_punctatissima,2,1,D,2,1,IS
Canthigaster_rostrata,2,1,D,3,1,OM
Carangoides_ferdau,5,4,D,3,3,FC
Carangoides_orthogrammus,5,4,D,3,3,FC
Carangoides_otrynter,5,4,D,1,2,FC
Caranx_bartholomaei,6,4,D,1,2,FC
Caranx_caballus,5,4,D,3,2,FC
Caranx_caninus,6,4,D,4,2,FC
Caranx_crysos,5,4,D,4,2,FC
Caranx_hippos,6,4,D,4,3,FC
Caranx_latus,6,4,D,4,3,FC
Caranx_lugubris,6,4,N,4,2,FC
Caranx_melampygus,6,4,D,3,2,FC
Caranx_orthogrammus,5,4,D,3,2,FC
Caranx_otrynter,5,4,D,1,2,FC
Caranx_rhonchus,5,4,D,4,2,FC
Caranx_ruber,5,4,D,4,2,FC
Caranx_sexfasciatus,6,4,N,4,2,FC
Caranx_sp.,6,4,D,4,2,FC
Caranx_vinctus,4,4,D,4,3,FC
Carapus_dubius,2,1,N,1,1,Pk
Cathorops_dasycephalus,4,4,D,1,1,FC
Caulolatilus_affinis,4,3,D,1,1,IM
Caulolatilus_hubbsi,4,3,D,1,1,IM
Caulolatilus_princeps,6,3,D,1,1,IM
Caulolatilus_sp.,4,3,D,1,1,IM
Cebidichthys_violaceus,5,1,D,1,1,HD
Centropomus_medius,5,4,D,1,1,FC
Centropomus_nigrescens,6,3,D,1,1,FC
Centropomus_robalito,4,3,D,1,3,FC
Centropomus_unionensis,4,3,D,1,1,FC
Centropomus_viridis,6,4,D,1,1,FC
Centropyge_bicolor,2,1,D,3,2,IM
Cephalopholis_cruentata,4,3,N,1,1,FC
Cephalopholis_fulva,4,3,N,1,1,FC
Cephalopholis_panamensis,4,1,N,1,1,FC
Ceratoscopelus_townsendi,3,2,N,1,2,IM
Cetengraulis_mysticetus,3,3,D,4,3,IS
Chaenomugil_proboscideus,3,3,D,3,2,HD
Chaenopsis_alepidota,2,1,D,1,1,IM
Chaenopsis_coheni,2,1,D,1,1,IM
Chaetodipterus_zonatus,5,3,D,3,2,IM
Chaetodon_capistratus,2,1,D,2,1,IS
Chaetodon_humeralis,3,1,D,3,3,OM
Chaetodon_meyeri,3,1,D,2,3,IS
Chaetodon_ocellatus,3,1,D,2,1,IS
Chaetodon_sedentarius,2,1,D,2,1,IS
Chaetodon_striatus,3,1,D,2,1,IS
Channomuraena_vittata,6,1,N,1,1,FC
Chanos_chanos,6,4,D,4,2,OM
Chauliodus_macouni,3,2,N,1,2,FC
Cheilopogon_atrisignis,4,4,D,1,3,Pk
Cheilopogon_californicus,4,4,D,1,3,Pk
Cheilopogon_dorsomacula,3,4,D,1,3,Pk
Cheilopogon_heterurus,4,4,D,1,3,Pk
Cheilopogon_hubbsi,4,4,D,1,3,Pk
Cheilopogon_papilio,3,4,D,1,3,Pk
Cheilopogon_pinnatibarbatus,4,4,D,1,3,FC
Cheilopogon_spilonotopterus,4,4,D,1,3,FC
Cheilopogon_unicolor,4,4,D,1,3,Pk
Cheilopogon_xenopterus,3,4,D,1,3,Pk
Cheilotrema_saturnum,4,3,D,3,1,IM
Cherublemma_emmelas,3,1,D,1,1,IM
Chiasmodon_niger,3,1,D,1,2,FC
Chilara_taylori,4,1,N,1,1,IM
Chiloconger_dentatus,3,1,D,1,1,FC
Chilomycterus_reticulatus,5,2,N,1,1,IM
Chloroscombrus_chrysurus,5,4,D,4,3,Pk
Chloroscombrus_orqueta,3,4,D,3,2,HD
Chriolepis_cuneata,1,1,D,1,1,IM
Chriolepis_semisquamata,1,1,D,1,1,IM
Chromis_alta,2,1,D,4,2,Pk
Chromis_insolata,3,1,D,3,2,Pk
Chromis_limbaughi,2,1,D,3,1,Pk
Chromis_punctipinnis,3,1,D,3,1,OM
Chromis_scotti,2,1,D,3,2,Pk
Chromis_sp.,2,1,D,3,2,Pk
Cirrhitichthys_oxycephalus,2,1,D,1,1,FC
Cirrhitus_rivulatus,5,2,D,1,1,FC
Citharichthys_fragilis,3,2,D,1,1,FC
Citharichthys_gilberti,3,1,D,1,1,FC
Citharichthys_gordae,2,2,D,1,1,FC
Citharichthys_platophrys,3,2,D,1,1,FC
Citharichthys_stigmaeus,3,2,D,1,1,IM
Citharichthys_xanthostigma,3,2,D,1,1,FC
Clarkichthys_bilineatus,1,1,D,1,1,IM
Clepticus_parrae,3,2,D,4,2,Pk
Clevelandia_ios,1,1,D,1,1,HD
Clinocottus_analis,3,1,D,1,1,HD
Clinocottus_recalvus,2,2,D,1,3,HD
Clupea_sp.,4,3,D,3,2,FC
Coelorinchus_scaphopsis,4,3,D,1,2,IM
Cololabis_saira,4,4,D,3,3,IM
Colpichthys_hubbsi,2,2,D,1,1,IM
Colpichthys_regis,2,2,D,1,1,IM
Congriscus_megastoma,4,1,D,1,1,FC
Conodon_serrifer,4,3,D,1,1,IM
Cookeolus_japonicus,5,2,N,1,2,IM
Coralliozetus_boehlkei,1,1,D,1,1,IM
Coralliozetus_micropes,1,2,D,1,3,Pk
Corvula_macrops,3,3,D,3,2,Pk
Coryphaena_equiselis,6,4,D,3,3,FC
Coryphaena_hippurus,6,4,D,3,3,FC
Coryphaenoides_acrolepis,6,3,D,1,2,FC
Coryphaenoides_armatus,6,3,D,1,2,FC
Coryphaenoides_yaquinae,5,3,D,1,2,FC
Coryphopterus_glaucofraenum,2,1,D,1,1,HD
Coryphopterus_personatus,1,1,D,4,2,Pk
Coryphopterus_urospilus,1,1,D,1,1,IM
Cosmocampus_arctus,2,1,N,1,1,Pk
Crocodilichthys_gracilis,1,1,D,1,1,OM
Cryptacanthodes_giganteus,6,1,D,1,1,IM
Cryptotrema_corallinum,2,1,D,1,1,IM
Cryptotrema_seftoni,1,1,D,1,1,IM
Ctenochaetus_marginatus,3,1,D,3,2,HD
Ctenogobius_sagittula,3,1,D,1,1,IM
Cyclopsetta_chittendeni,4,2,D,1,1,IM
Cyclopsetta_panamensis,4,2,D,1,1,FC
Cyclopsetta_querna,4,2,D,1,1,FC
Cyclothone_acclinidens,1,2,N,1,2,Pk
Cyclothone_braueri,1,2,D,1,2,Pk
Cyclothone_microdon,1,2,D,1,2,Pk
Cyclothone_pallida,1,2,D,1,2,Pk
Cyclothone_pseudopallida,1,2,D,1,2,Pk
Cyclothone_signata,1,2,D,1,2,Pk
Cyema_atrum,2,2,D,1,2,Pk
Cymatogaster_aggregata,3,2,D,3,1,IM
Cynoponticus_coniceps,6,1,D,1,1,FC
Cynoscion_nannus,3,3,D,1,2,FC
Cynoscion_nobilis,6,3,D,3,1,FC
Cynoscion_othonopterus,5,3,D,1,2,FC
Cynoscion_parvipinnis,5,3,D,1,1,FC
Cynoscion_phoxocephalus,5,2,D,1,1,FC
Cynoscion_reticulatus,6,3,D,1,1,FC
Cynoscion_sp.,6,3,D,1,2,FC
Cynoscion_squamipinnis,5,3,D,1,3,FC
Cynoscion_stolzmanni,6,3,D,1,1,FC
Cynoscion_xanthulus,6,3,D,1,2,FC
Cypselurus_angusticeps,3,4,D,1,3,Pk
Cypselurus_callopterus,3,4,D,1,3,Pk
Cypselurus_simus,3,4,D,1,3,Pk
Dactylagnus_mundus,2,1,D,1,1,IM
Dactyloscopus_amnis,2,2,D,1,1,FC
Dactyloscopus_byersorum,1,1,D,1,1,FC
Dactyloscopus_elongatus,1,1,D,1,1,IM
Dactyloscopus_heraldi,1,1,D,1,1,IM
Dactyloscopus_insulatus,1,1,D,1,1,IM
Dactyloscopus_lunaticus,1,1,D,1,1,IM
Dactyloscopus_pectoralis,1,2,D,1,1,IM
Dajaus_monticola,4,3,D,3,3,FC
Danaphos_oculatus,1,1,D,1,2,Pk
Decapterus_macarellus,4,4,D,3,3,Pk
Decapterus_macrosoma,4,4,N,3,3,Pk
Decapterus_muroadsi,4,4,D,3,3,Pk
Decapterus_punctatus,3,4,D,4,3,Pk
Decapterus_sp.,4,4,D,3,3,Pk
Decapterus_tabl,4,4,D,4,1,Pk
Decodon_melasma,4,2,D,1,1,IM
Derichthys_serpentinus,4,3,D,1,2,FC
Dermatolepis_dermatolepis,6,3,D,1,1,FC
Dermatolepis_sp.,6,3,D,1,1,FC
Desmodema_lorum,6,3,D,1,2,FC
Dialommus_macrocephalus,2,2,D,1,1,IM
Diaphus_theta,2,1,D,1,2,IM
Diapterus_brevirostris,4,3,D,1,1,FC
Diapterus_peruvianus,4,3,D,1,1,FC
Diodon_eydouxii,3,2,D,3,3,Pk
Diodon_holocanthus,4,2,N,1,1,IM
Diodon_hystrix,4,2,N,1,1,IM
Diogenichthys_atlanticus,1,1,N,1,2,Pk
Diogenichthys_laternatus,1,2,D,1,3,Pk
Diplectrum_eumelum,4,3,D,1,1,FC
Diplectrum_euryplectrum,3,3,D,1,1,IM
Diplectrum_labarum,3,3,D,1,1,IM
Diplectrum_macropoma,3,3,D,1,1,IM
Diplectrum_maximum,4,2,D,1,2,FC
Diplectrum_pacificum,4,3,D,1,1,FC
Diplectrum_rostrum,3,3,D,1,2,IM
Diplectrum_sciurus,3,3,D,1,1,IM
Dolichopteryx_longipes,3,1,D,1,2,Pk
Dormitator_latifrons,4,1,D,1,1,HD
Dorosoma_petenense,4,2,D,3,3,Pk
Doryrhamphus_excisus,1,1,N,2,1,Pk
Echeneis_naucrates,6,4,D,1,3,FC
Echidna_nebulosa,6,1,N,1,1,IM
Echidna_nocturna,6,1,N,1,1,IM
Echiodon_exsilium,2,1,N,1,1,Pk
Echiophis_brunneus,6,2,D,1,1,IM
Ekemblemaria_myersi,1,1,D,1,1,IM
Elacatinus_jarocho,1,1,D,3,2,Pk
Elacatinus_oceanops,1,1,D,3,1,IM
Elacatinus_punticulatus,1,1,D,1,1,IS
Elacatinus_sp.,1,1,D,3,1,IM
Elagatis_bipinnulata,6,4,D,3,3,FC
Elattarchus_archidium,4,3,D,1,3,FC
Elops_affinis,6,4,N,4,3,FC
Elops_saurus,6,4,D,4,1,FC
Embiotoca_jacksoni,4,1,D,3,1,IM
Embiotoca_lateralis,4,2,D,1,1,IM
Emblemaria_hypacanthus,1,1,D,1,1,Pk
Emblemaria_walkeri,1,1,D,1,1,Pk
Encheliophis_vermicularis,2,1,N,1,1,IM
Enchelycore_octaviana,6,1,N,1,1,FC
Enchelycore_pardalis,6,1,D,1,1,FC
Enchelynassa_canina,6,1,N,1,1,FC
Engraulis_mordax,3,3,D,4,3,Pk
Enneanectes_reticulatus,1,1,D,1,1,IM
Enneanectes_sp.,1,1,D,1,1,IM
Entomacrodus_chiostictus,2,1,D,1,1,HD
Epinephelus_acanthistius,6,3,D,1,1,FC
Epinephelus_adscensionis,5,3,N,1,1,IM
Epinephelus_analogus,6,3,N,1,1,FC
Epinephelus_cifuentesi,6,3,N,1,1,FC
Epinephelus_clippertonensis,5,3,N,1,1,IM
Epinephelus_fasciatus,4,3,D,1,1,FC
Epinephelus_guttatus,3,2,D,1,1,FC
Epinephelus_itajara,6,3,N,1,1,FC
Epinephelus_labriformis,5,3,N,1,1,FC
Epinephelus_quinquefasciatus,6,4,D,1,1,FC
Erotelis_armiger,4,1,D,1,1,HD
Esselenichthys_carli,3,1,D,1,1,IM
Esselenichthys_laurae,2,1,D,1,1,IM
Etropus_ciadi,2,3,D,1,1,FC
Etropus_crossotus,3,3,D,1,1,FC
Etropus_peruvianus,3,3,D,1,1,FC
Etropus_sp.,3,3,D,1,1,FC
Etrumeus_sadina,4,4,D,4,3,Pk
Eucinostomus_argenteus,3,3,D,1,1,OM
Eucinostomus_currani,3,3,D,3,1,OM
Eucinostomus_dowii,3,3,D,1,1,IM
Eucinostomus_entomelas,3,3,D,3,1,OM
Eucinostomus_gracilis,3,3,D,1,1,IM
Eucinostomus_melanopterus,3,3,D,3,1,FC
Eucinostomus_sp.,3,3,D,3,1,OM
Eucyclogobius_newberryi,1,1,D,1,1,IM
Eugerres_axillaris,3,3,D,3,1,OM
Eugerres_lineatus,3,3,D,1,2,OM
Euleptorhamphus_viridis,5,4,D,1,3,Pk
Eurypharynx_pelecanoides,6,1,D,1,2,FC
Euthynnus_affinis,6,4,D,4,3,FC
Euthynnus_lineatus,6,4,D,3,3,FC
Evermannia_longipinnis,1,1,D,1,1,IM
Evermannia_zosterura,1,2,D,1,1,IM
Exerpes_asper,1,1,D,1,1,IM
Exocoetus_monocirrhus,3,4,D,1,3,Pk
Exocoetus_volitans,3,4,D,3,3,Pk
Facciolella_gilbertii,5,1,D,1,1,IM
Fistularia_commersonii,6,4,D,3,2,FC
Fistularia_corneta,6,4,D,3,3,FC
Fistularia_petimba,6,4,D,3,2,FC
Fodiator_acutus,3,3,D,1,3,Pk
Fodiator_rostratus,3,3,D,1,3,Pk
Forcipiger_flavissimus,3,1,D,3,2,IS
Forcipiger_longirostris,3,2,D,2,2,IM
Fowlerichthys_avalonis,4,1,D,1,1,FC
Fundulus_parvipinnis,2,2,D,1,2,IM
Galeichthys_peruvianus,4,4,D,1,1,FC
Gempylus_serpens,6,4,N,1,3,FC
Genyonemus_lineatus,4,2,D,1,1,IM
Gerres_cinereus,4,3,N,4,1,IM
Gerres_simillimus,4,3,D,1,1,IM
Gibbonsia_elegans,3,1,D,1,1,IM
Gibbonsia_metzi,3,1,D,1,1,IM
Gibbonsia_montereyensis,2,1,D,1,1,IM
Gibbonsia_sp.,3,1,D,1,1,IM
Gillellus_arenicola,1,1,D,1,1,FC
Gillellus_healae,2,1,D,1,1,IM
Gillellus_ornatus,1,1,D,1,1,IM
Gillellus_semicinctus,1,1,D,1,1,FC
Gillichthys_mirabilis,3,2,D,1,1,IM
Gillichthys_seta,3,2,D,1,1,IM
Girella_laevifrons,4,3,D,1,2,HD
Girella_nigricans,5,4,D,4,2,HD
Girella_simplicidens,4,3,D,4,2,HD
Gnathanodon_speciosus,6,4,D,3,2,IM
Gnathophis_cinctus,4,1,D,1,1,FC
Gobiesox_eugrammus,1,1,D,1,1,IM
Gobiesox_maeandricus,3,1,D,1,1,IM
Gobiesox_marijeanae,1,1,D,1,1,IM
Gobiesox_papillifer,1,1,D,1,1,IM
Gobiesox_pinniger,2,1,D,1,1,IM
Gobiesox_rhessodon,1,1,D,1,1,IM
Gobiesox_schultzi,2,1,D,1,1,IM
Gobiosoma_chiquita,1,1,D,1,1,IM
Gobiosoma_seminudum,1,2,D,1,1,IM
Gobiosoma_sp.,1,1,D,1,1,IM
Gobulus_crescentalis,1,1,D,1,1,IM
Gobulus_hancocki,1,1,D,1,1,IM
Gonostoma_atlanticum,1,2,N,1,2,IM
Gorgasia_punctata,4,1,D,3,1,Pk
Gramma_loreto,2,1,D,3,1,Pk
Grammonus_diagrammus,3,1,N,1,1,IM
Guentheridia_formosa,3,1,D,1,1,IM
Gymneleotris_seminuda,1,1,D,1,1,IM
Gymnomuraena_zebra,6,1,N,1,1,FC
Gymnothorax_buroensis,4,1,N,1,1,FC
Gymnothorax_castaneus,6,1,N,1,1,FC
Gymnothorax_dovii,6,1,N,1,1,FC
Gymnothorax_equatorialis,6,1,N,1,1,FC
Gymnothorax_flavimarginatus,6,1,N,1,3,FC
Gymnothorax_miliaris,5,1,D,1,1,IM
Gymnothorax_mordax,6,1,N,1,1,FC
Gymnothorax_panamensis,5,1,N,1,1,FC
Gymnothorax_pictus,6,1,N,1,3,FC
Gymnothorax_undulatus,6,1,N,1,3,FC
Haemulon_aurolineatum,3,3,N,4,1,OM
Haemulon_carbonarium,4,3,N,3,1,IM
Haemulon_flaviguttatum,4,3,N,4,1,FC
Haemulon_flavolineatum,3,3,N,4,1,IM
Haemulon_macrostoma,4,3,N,3,1,IM
Haemulon_maculicauda,3,3,N,4,1,FC
Haemulon_melanurum,4,3,N,3,1,IM
Haemulon_parra,4,3,N,3,1,IM
Haemulon_plumierii,5,3,N,4,1,IM
Haemulon_sciurus,4,3,N,3,1,IM
Haemulon_scudderii,4,3,N,4,1,FC
Haemulon_sexfasciatum,5,3,N,3,1,FC
Haemulon_sp.,3,3,N,4,1,FC
Haemulon_steindachneri,3,3,N,4,2,IM
Haemulon_striatum,3,3,N,3,2,Pk
Haemulon_vittatum,3,3,N,4,2,Pk
Haemulopsis_axillaris,4,3,D,1,1,IM
Haemulopsis_elongatus,3,3,D,1,1,IM
Haemulopsis_leuciscus,4,3,D,1,1,IM
Haemulopsis_nitidus,3,3,D,1,1,IM
Halichoeres_adustus,2,1,D,3,1,IM
Halichoeres_aestuaricola,3,2,D,1,1,IM
Halichoeres_bivittatus,4,3,D,3,1,IM
Halichoeres_burekae,2,2,D,3,2,Pk
Halichoeres_chierchiae,3,1,D,3,1,IM
Halichoeres_dispilus,3,1,D,3,1,IM
Halichoeres_garnoti,3,2,D,1,1,IM
Halichoeres_inornatus,3,2,D,1,1,IM
Halichoeres_insularis,1,1,D,3,1,IM
Halichoeres_melanotis,2,1,D,3,1,IM
Halichoeres_nicholsi,4,1,D,3,1,IM
Halichoeres_notospilus,3,1,D,3,1,IM
Halichoeres_pictus,2,3,D,1,2,IM
Halichoeres_poeyi,3,3,D,1,1,IM
Halichoeres_radiatus,5,3,D,3,1,IM
Halichoeres_semicinctus,4,1,D,3,1,IM
Halichoeres_sp.,3,1,D,3,1,IM
Harengula_thrissina,3,2,D,3,3,Pk
Hemanthias_peruanus,4,3,D,3,2,Pk
Hemanthias_signifer,4,3,D,3,2,Pk
Hemicaranx_leucurus,4,4,D,3,2,FC
Hemicaranx_zelotes,4,4,D,1,2,FC
Hemilepidotus_hemilepidotus,4,1,N,1,1,IM
Hemiramphus_saltator,4,3,D,4,3,FC
Herpetoichthys_fossatus,5,1,D,1,1,IM
Heteroconger_canabus,5,1,D,3,1,Pk
Heteroconger_longissimus,5,1,D,3,1,Pk
Heteroconger_pellegrini,5,1,D,3,1,Pk
Heteroconger_sp.,5,1,D,3,1,Pk
Heteropriacanthus_cruentatus,5,2,N,3,2,IM
Heterostichus_rostratus,5,1,D,1,1,FC
Hexagrammos_lagocephalus,5,2,D,1,3,IM
Hippocampus_ingens,3,1,N,1,1,Pk
Hippoglossina_bollmani,3,2,D,1,1,IM
Hippoglossina_stomata,4,2,D,1,1,IM
Hippoglossina_tetrophthalma,4,2,D,1,1,IM
Hippoglossoides_elassodon,4,2,D,1,1,IM
Hippoglossus_sp.,6,4,D,1,1,FC
Hirundichthys_marginatus,3,4,D,1,3,Pk
Hirundichthys_oxycephalus,3,4,D,1,3,Pk
Hirundichthys_rondeletii,3,4,D,1,3,Pk
Hirundichthys_speculiger,3,4,D,1,3,Pk
Holacanthus_bermudensis,4,2,D,1,1,IS
Holacanthus_clarionensis,2,2,D,3,2,IS
Holacanthus_limbaughi,3,2,D,1,2,OM
Holacanthus_passer,4,2,D,3,2,IS
Holacanthus_tricolor,4,2,D,1,1,IS
Holocentrus_adscensionis,5,1,N,1,1,IM
Holtbyrnia_macrops,3,1,N,1,2,IM
Holtbyrnia_melanocephala,3,1,N,1,2,IM
Hoplopagrus_guentherii,6,3,N,1,1,FC
Hoplunnis_pacifica,6,1,D,1,1,IM
Hygophum_atratum,1,1,N,1,2,Pk
Hygophum_hanseni,1,1,N,1,2,Pk
Hygophum_reinhardtii,1,1,N,1,2,Pk
Hyperprosopon_anale,3,2,D,1,1,IM
Hyperprosopon_argenteum,3,2,D,4,1,IM
Hyperprosopon_ellipticum,3,2,D,1,1,IM
Hypoplectrus_castroaguirrei,2,1,N,1,1,FC
Hypoplectrus_indigo,2,1,N,1,1,FC
Hypoplectrus_nigricans,3,1,N,1,1,FC
Hyporhamphus_gilli,3,4,D,3,3,Pk
Hyporhamphus_naos,3,4,D,3,3,Pk
Hyporhamphus_rosae,2,4,D,3,3,Pk
Hyporhamphus_snyderi,2,4,D,1,3,HD
Hyporhamphus_sp.,3,4,D,3,3,Pk
Hyporhamphus_unifasciatus,3,4,D,4,3,Pk
Hyporthodus_acanthistius,6,3,N,1,1,FC
Hyporthodus_exsul,6,4,D,1,1,FC
Hyporthodus_nigritus,6,3,D,1,1,FC
Hyporthodus_niphobles,4,3,N,1,1,FC
Hyporthodus_niveatus,6,4,D,1,1,FC
Hypsoblennius_brevipinnis,2,1,D,1,1,IM
Hypsoblennius_gentilis,2,1,D,1,1,HD
Hypsoblennius_gilberti,3,1,D,1,1,OM
Hypsoblennius_jenkinsi,2,1,D,1,1,OM
Hypsopsetta_guttulata,4,2,D,1,1,IS
Hypsurus_caryi,3,2,D,1,1,IM
Hypsypops_rubicundus,3,1,D,3,1,HD
Icelinus_quadriseriatus,2,2,D,1,1,FC
Ichthyapus_selachops,5,1,D,1,1,IM
Icichthys_lockingtoni,4,3,D,1,3,IM
Idiacanthus_antrostomus,4,2,N,1,2,FC
Ilypnus_gilberti,1,1,D,1,1,IM
Ilypnus_luculentus,1,1,D,1,1,IM
Ilypnus_sp.,1,1,D,1,1,IM
Iniistius_pavo,4,2,D,1,1,IM
Isopisthus_remifer,4,3,D,1,2,FC
Isopsetta_isolepis,5,4,D,1,1,IM
Istiompax_indica,6,4,D,1,3,FC
Istiophorus_platypterus,6,4,D,1,3,FC
Johnrandallia_nigrirostris,3,2,D,3,2,OM
Jordania_zonope,2,1,D,1,1,IM
Joturus_pichardi,5,3,D,1,3,HD
Kajikia_audax,6,4,D,1,3,FC
Kathetostoma_averruncus,4,3,D,1,1,FC
Katsuwonus_pelamis,6,4,D,3,3,FC
Kuhlia_mugil,4,3,D,3,2,IM
Kyphosus_analogus,4,3,D,3,2,HD
Kyphosus_azureus,4,3,D,3,2,HD
Kyphosus_elegans,5,3,D,4,2,HD
Kyphosus_lutescens,5,3,D,1,2,HD
Kyphosus_ocyurus,5,4,D,3,3,Pk
Kyphosus_sectatrix,5,3,D,3,2,HD
Kyphosus_sp.,5,3,D,3,2,HD
Kyphosus_vaigiensis,5,3,D,4,2,IM
Labrisomus_multiporosus,3,1,D,1,1,IM
Labrisomus_socorroensis,2,1,D,1,1,IM
Labrisomus_wigginsi,3,1,D,1,1,IM
Labrisomus_xanti,3,1,D,1,1,IM
Lactophrys_bicaudalis,4,2,D,1,1,IS
Lactophrys_triqueter,4,2,D,1,1,IS
Lactoria_diaphana,4,2,D,1,2,OM
Lagocephalus_lagocephalus,5,4,D,1,2,IM
Lampadena_urophaos,3,3,N,1,3,Pk
Lampanyctus_festivus,2,3,N,1,2,Pk
Lampanyctus_steinbecki,1,3,N,1,2,Pk
Lampanyctus_tenuiformis,3,3,N,1,2,Pk
Larimus_acclivis,3,3,D,1,3,Pk
Larimus_argenteus,4,3,D,1,3,Pk
Larimus_effulgens,3,3,D,1,3,Pk
Larimus_pacificus,4,3,D,1,3,Pk
Leiocottus_hirundo,3,1,D,1,1,IM
Lepidocybium_flavobrunneum,6,4,N,1,2,FC
Lepidogobius_lepidus,2,1,D,1,1,IM
Lepidonectes_clarkhubbsi,1,1,D,1,1,OM
Lepidopus_caudatus,6,4,N,3,2,FC
Lepidopus_fitchi,6,4,N,3,2,FC
Lepophidium_microlepis,4,1,D,1,1,IM
Lepophidium_negropinna,5,1,D,1,1,IM
Lepophidium_pardale,3,1,D,1,1,IM
Lepophidium_prorates,3,1,D,1,1,IM
Lepophidium_stigmatistium,3,1,D,1,1,IM
Leptocottus_armatus,4,1,D,1,1,FC
Lestidiops_ringens,3,2,D,1,2,FC
Lethops_connectens,1,1,D,1,1,IM
Leuresthes_sardina,3,2,D,1,1,IM
Leuresthes_tenuis,3,2,D,1,3,IM
Leuroglossus_stilbius,2,1,D,1,3,Pk
Lile_nigrofasciata,2,2,D,1,3,Pk
Lile_stolifera,3,2,D,1,3,Pk
Liopropoma_fasciatum,3,1,N,1,1,IM
Liopropoma_longilepis,3,1,D,1,1,IM
Lipolagus_ochotensis,3,1,D,1,2,Pk
Lobotes_pacifica,6,3,D,1,2,FC
Lobotes_surinamensis,6,3,D,1,2,FC
Lonchopisthus_sinuscalifornicus,3,1,D,1,1,Pk
Lonchopisthus_sp.,3,1,D,1,1,IM
Lophiodes_caulinaris,4,1,D,1,1,FC
Lophiodes_spilurus,3,1,D,1,1,FC
Lophiomus_setigerus,4,2,D,1,1,FC
Lumpenopsis_hypochroma,2,2,D,1,2,Pk
Lutjanus_apodus,5,3,N,3,2,FC
Lutjanus_aratus,6,3,N,1,2,FC
Lutjanus_argentiventris,5,4,N,4,1,FC
Lutjanus_colorado,6,4,N,1,1,IM
Lutjanus_griseus,4,3,N,3,1,FC
Lutjanus_guttatus,5,3,N,3,2,IM
Lutjanus_inermis,4,3,N,3,2,FC
Lutjanus_jocu,6,3,N,3,1,FC
Lutjanus_jordani,5,4,N,3,1,FC
Lutjanus_mahogoni,4,3,N,3,1,FC
Lutjanus_novemfasciatus,6,4,N,1,1,FC
Lutjanus_peru,6,4,N,4,1,FC
Lutjanus_synagris,5,3,N,3,1,FC
Lutjanus_viridis,3,4,N,4,2,FC
Luvarus_imperialis,6,4,D,1,3,Pk
Lycengraulis_poeyi,3,2,D,1,3,FC
Lythrypnus_dalli,1,1,D,2,1,IM
Lythrypnus_sp.,1,1,D,1,1,IM
Lythrypnus_zebra,1,1,D,1,1,IM
Macropinna_microstoma,2,1,D,1,2,Pk
Macroramphosus_gracilis,2,3,D,4,3,FC
Magnisudis_atlantica,5,4,D,1,3,OM
Makaira_mazara,6,4,D,3,3,FC
Makaira_nigricans,6,4,D,1,3,FC
Malacoctenus_afuerae,2,1,D,1,1,IM
Malacoctenus_ebisui,1,1,D,1,1,IM
Malacoctenus_gigas,2,1,D,1,1,IM
Malacoctenus_hubbsi,2,1,D,1,1,IM
Malacoctenus_margaritae,1,1,D,1,1,IM
Malacoctenus_mexicanus,1,1,D,1,1,IM
Malacoctenus_polyporosus,2,1,D,1,1,IM
Malacoctenus_sp.,2,1,D,1,1,IM
Malacoctenus_tetranemus,2,1,D,1,1,IM
Malacoctenus_triangulatus,2,1,D,1,1,IM
Malacoctenus_zacae,1,1,D,1,1,IM
Malacoctenus_zonifer,2,1,D,1,1,IM
Medialuna_californiensis,4,4,D,3,1,OM
Melamphaes_janae,2,1,D,1,2,Pk
Melanorhinus_cyanellus,2,3,D,4,3,Pk
Melichthys_niger,4,3,D,4,2,OM
Melichthys_vidua,4,3,D,3,2,OM
Menticirrhus_elongatus,5,3,D,1,1,IM
Menticirrhus_nasus,5,3,D,1,1,IM
Menticirrhus_panamensis,5,3,D,1,2,IM
Menticirrhus_sp.,5,3,D,1,1,IM
Menticirrhus_undulatus,5,3,D,1,2,IM
Merluccius_angustimanus,4,3,D,1,1,Pk
Merluccius_productus,6,3,N,4,3,FC
Microdesmus_affinis,2,1,D,1,1,IM
Microdesmus_dorsipunctatus,2,1,D,1,1,IM
Microgadus_proximus,4,3,D,1,2,OM
Microgobius_brevispinis,2,1,D,1,1,IM
Microgobius_cyclolepis,2,1,D,1,1,IM
Microgobius_emblematicus,2,1,D,1,1,IM
Microgobius_miraflorensis,1,1,D,1,1,IM
Microgobius_tabogensis,2,1,D,1,1,IM
Microlepidotus_brevipinnis,4,3,N,4,2,IM
Microlepidotus_inornatus,4,3,N,4,2,IM
Micrometrus_aurora,3,2,D,1,1,OM
Micrometrus_minimus,3,2,D,3,1,OM
Micropogonias_altipinnis,6,3,D,1,2,FC
Micropogonias_ectenes,4,3,D,1,1,IM
Micropogonias_megalops,4,3,D,1,2,FC
Microspathodon_bairdii,3,1,D,1,1,HD
Microspathodon_chrysurus,3,1,D,1,1,HD
Microspathodon_dorsalis,4,1,D,1,1,HD
Microstomus_pacificus,5,2,D,1,1,IM
Mola_mola,6,4,D,1,3,FC
Monacanthus_tuckeri,2,2,D,1,1,IM
Monocentris_japonica,3,2,D,3,1,IM
Monolene_asaedai,2,1,D,1,1,FC
Monolene_dubiosa,1,2,D,1,1,FC
Mugil_cephalus,6,3,D,3,2,OM
Mugil_curema,6,4,D,4,2,HD
Mugil_hospes,4,3,D,3,1,HD
Mugil_setosus,3,3,D,1,1,HD
Mugil_sp.,6,3,D,3,2,HD
Mugil_thoburni,3,3,D,1,3,HD
Mulloidichthys_dentatus,4,2,N,4,1,IM
Mulloidichthys_martinicus,4,2,D,3,1,IM
Mulloidichthys_vanicolensis,4,2,N,3,2,IM
Mullus_sp.,3,2,D,3,1,IM
Muraena_argus,6,1,N,1,1,FC
Muraena_clepsydra,6,1,N,1,1,IM
Muraena_lentiginosa,5,1,N,1,1,FC
Mycteroperca_bonaci,6,2,N,1,1,FC
Mycteroperca_jordani,6,4,D,1,1,FC
Mycteroperca_olfax,6,3,N,1,1,FC
Mycteroperca_phenax,6,3,N,1,1,FC
Mycteroperca_prionura,6,3,N,1,1,FC
Mycteroperca_rosacea,6,3,N,1,1,FC
Mycteroperca_sp.,6,3,N,1,1,FC
Mycteroperca_xenarcha,6,4,D,1,1,FC
Myctophum_nitidulum,2,1,D,1,3,Pk
Myrichthys_aspetocheiros,5,2,N,1,1,IM
Myrichthys_maculosus,6,1,N,1,1,IM
Myrichthys_pantostigmius,4,2,N,1,2,IM
Myrichthys_tigrinus,5,2,N,1,1,IM
Myrichthys_xysturus,5,2,N,1,1,IM
Myripristis_berndti,3,2,N,3,2,IM
Myripristis_clarionensis,3,2,N,3,2,Pk
Myripristis_gildi,3,2,D,1,2,IM
Myripristis_leiognathus,3,2,N,3,2,IM
Myripristis_murdjan,5,2,N,1,2,Pk
Myrophis_vafer,4,1,N,1,1,FC
Myxodagnus_macrognathus,2,1,D,1,1,IM
Myxodagnus_opercularis,1,1,D,1,1,IM
Nansenia_crassa,3,2,D,1,3,Pk
Naso_annulatus,6,4,D,3,2,HD
Naso_sp.,6,3,D,3,2,HD
Naucrates_ductor,5,4,D,3,3,Pk
Nautichthys_oculofasciatus,3,2,N,1,1,IM
Nematistius_pectoralis,6,4,D,1,1,FC
Nemichthys_larseni,6,1,D,1,2,IM
Nemichthys_scolopaceus,6,1,D,1,2,IM
Neobythites_stelliferoides,3,1,D,1,2,IM
Neoclinus_blanchardi,3,1,D,1,1,IM
Neoclinus_stephensae,2,1,D,1,1,IM
Neoclinus_uninotatus,3,1,D,1,1,IM
Neoconger_vermiformis,3,1,D,1,1,IM
Neoopisthopterus_tropicus,2,2,D,1,3,Pk
Neopomacentrus_cyanomos,2,2,D,3,2,IM
Nicholsina_denticulata,3,3,D,3,1,HD
Nomeus_gronovii,4,4,D,1,1,Pk
Notarius_kessleri,4,2,D,1,1,FC
Notarius_planiceps,5,2,D,1,1,FC
Notarius_troschelii,5,3,D,1,1,FC
Notoscopelus_resplendens,2,1,D,1,2,Pk
Novaculichthys_taeniourus,3,2,D,1,1,IM
Occidentarius_platypogon,4,4,D,1,1,FC
Ocyurus_chrysurus,6,3,N,3,2,FC
Odontopyxis_trispinosa,2,1,D,1,1,Pk
Odontoscion_xanthops,3,3,D,4,3,FC
Ogilbia_davidsmithi,2,1,N,1,1,IM
Ogilbia_nigromarginata,2,1,N,1,1,IM
Ogilbia_nudiceps,1,1,N,1,1,IM
Ogilbia_sedorae,1,1,N,1,1,IM
Ogilbia_sp.,2,1,N,1,1,IM
Ogilbia_ventralis,2,1,D,1,1,IM
Oligocottus_rubellio,2,2,D,1,2,Pk
Oligocottus_snyderi,2,1,D,1,1,IM
Oligoplites_altus,5,4,D,3,2,IM
Oligoplites_refulgens,3,4,D,3,3,FC
Oligoplites_saurus,4,4,D,3,3,FC
Oncorhynchus_clarkii,6,3,D,1,1,FC
Oncorhynchus_gorbuscha,5,4,D,1,3,FC
Oneirodes_acanthias,3,2,D,1,2,Pk
Oneirodes_basili,3,2,D,1,2,Pk
Ophichthus_apachus,3,1,D,1,1,FC
Ophichthus_frontalis,6,1,D,1,1,IM
Ophichthus_ophis,6,1,D,1,1,FC
Ophichthus_remiger,5,1,D,1,1,FC
Ophichthus_triserialis,6,1,D,1,1,FC
Ophichthus_zophochir,6,1,D,1,1,FC
Ophidion_galeoides,3,1,D,1,1,IM
Ophidion_imitator,3,1,D,1,1,IM
Ophidion_iris,3,1,D,1,1,IM
Ophidion_scrippsae,3,1,D,1,3,IM
Ophioblennius_clippertonensis,3,2,D,1,2,HD
Ophioblennius_macclurei,2,1,D,1,1,HD
Ophioblennius_steindachneri,3,1,D,1,1,OM
Ophiodon_elongatus,6,1,D,1,1,FC
Ophioscion_scierus,4,3,D,1,1,IM
Ophioscion_sp.,4,3,D,1,1,IM
Ophioscion_strabo,4,3,D,1,1,IM
Ophioscion_typicus,3,2,D,1,1,IM
Ophioscion_vermicularis,4,2,D,1,1,IM
Opisthonema_bulleri,3,3,D,3,3,Pk
Opisthonema_libertate,3,2,D,4,3,Pk
Opisthonema_medirastre,3,2,D,3,3,Pk
Opisthopterus_dovii,3,2,D,1,3,FC
Opisthopterus_equatorialis,2,2,D,1,1,IM
Opistognathus_brochus,1,1,D,1,1,IM
Opistognathus_fossoris,2,1,D,1,1,IM
Opistognathus_mexicanus,2,1,D,1,1,IM
Opistognathus_panamensis,2,1,D,1,1,Pk
Opistognathus_punctatus,4,1,D,1,1,FC
Opistognathus_rhomaleus,5,1,D,1,1,IM
Opistognathus_rosenblatti,2,1,D,1,1,Pk
Opistognathus_scops,2,1,D,1,1,IM
Opistognathus_sp.,2,1,D,1,1,IM
Oplegnathus_insignis,5,2,D,1,1,OM
Oreochromis_mossambicus,4,1,D,3,1,OM
Orthonopias_triacis,2,1,D,1,1,IM
Orthopristis_cantharinus,4,3,N,3,2,IM
Orthopristis_chalceus,4,3,N,3,2,IM
Orthopristis_forbesi,4,3,N,4,2,IM
Orthopristis_reddingi,4,3,N,3,2,IM
Orthopristis_sp.,4,3,N,3,2,IM
Ostracion_meleagris,3,2,D,1,1,OM
Otophidium_indefatigabile,2,1,D,1,1,IM
Oxycirrhites_typus,2,1,D,1,1,Pk
Oxyjulis_californica,3,3,D,3,3,IM
Oxylebius_pictus,3,3,D,1,1,IM
Oxyporhamphus_micropterus,3,4,D,1,3,Pk
Parablennius_marmoreus,2,1,D,1,1,HD
Paraclinus_altivelis,1,1,D,1,1,IM
Paraclinus_integripinnis,1,1,D,1,1,IM
Paraclinus_monophthalmus,2,1,D,1,1,IM
Paraclinus_sini,1,1,D,1,1,IM
Paraconger_californiensis,5,1,D,1,1,FC
Paraconger_similis,3,1,D,1,1,IM
Paralabrax_auroguttatus,5,3,D,1,1,FC
Paralabrax_clathratus,5,2,D,1,1,FC
Paralabrax_loro,4,3,D,1,1,IM
Paralabrax_maculatofasciatus,5,3,D,1,1,FC
Paralabrax_nebulifer,5,2,D,1,1,IM
Paralabrax_sp.,5,3,D,1,1,FC
Paraletharchus_opercularis,5,1,D,1,1,IM
Paraletharchus_pacificus,6,1,D,1,1,IM
Paralichthys_aestuarius,5,2,D,1,1,FC
Paralichthys_californicus,6,2,D,1,1,FC
Paralichthys_woolmani,5,2,D,1,1,FC
Paraliparis_rosaceus,4,1,D,1,2,FC
Paralonchurus_rathbuni,3,2,D,1,2,IM
Paranthias_colonus,4,4,D,4,2,Pk
Paranthias_furcifer,3,3,D,3,2,Pk
Parapsettus_panamensis,3,3,D,3,2,OM
Pareques_fuscovittatus,3,2,N,3,1,IM
Pareques_sp.,3,2,N,3,1,IM
Pareques_viola,3,3,N,3,1,IM
Paricelinus_hopliticus,3,1,D,1,1,FC
Parophrys_vetulus,4,1,D,1,1,IM
Parrela_ginsburgi,2,1,D,1,1,IM
Parrella_maxillaris,1,1,D,1,1,IM
Parvilux_ingens,3,2,D,1,3,Pk
Pempheris_schomburgkii,2,1,N,3,2,Pk
Peprilus_medius,4,3,D,1,2,IM
Peprilus_ovatus,3,3,D,1,2,FC
Peprilus_simillimus,3,3,D,3,2,IM
Peprilus_snyderi,3,3,D,1,2,FC
Perissias_taeniopterus,2,1,D,1,1,FC
Peristedion_paucibarbiger,1,1,D,1,1,IM
Petrotyx_hopkinsi,3,1,N,1,1,IM
Phaenomonas_pinnata,5,2,N,1,1,IM
Phanerodon_atripes,3,2,D,1,1,IM
Phanerodon_furcatus,4,2,D,1,1,IM
Phanerodon_vacca,4,2,D,1,1,IM
Pherallodiscus_funebris,2,1,D,1,1,IM
Photonectes_margarita,4,3,D,1,3,IM
Phthanophaneron_harveyi,2,2,N,3,3,Pk
Phtheirichthys_lineatus,5,4,D,1,3,IM
Physiculus_nematopus,3,3,D,1,3,Pk
Physiculus_rastrelliger,3,1,D,1,2,Pk
Phytichthys_chirus,3,1,D,1,1,OM
Plagiotremus_azaleus,2,1,D,1,1,FC
Platichthys_stellatus,6,3,D,1,1,FC
Platybelone_argalus,4,4,D,3,3,FC
Platybelone_pterura,4,4,D,1,3,FC
Plectobranchus_evides,2,1,D,1,1,OM
Plectrypops_lima,3,2,N,1,2,FC
Pleurogrammus_monopterygius,5,3,D,1,1,IM
Pleuronichthys_coenosus,3,1,D,1,1,IM
Pleuronichthys_decurrens,4,1,D,1,1,IM
Pleuronichthys_guttulatus,4,2,D,1,1,IM
Pleuronichthys_ocellatus,3,2,D,1,1,IM
Pleuronichthys_ritteri,3,2,D,1,1,IM
Pleuronichthys_verticalis,4,2,D,1,1,IM
Poecilia_butleri,1,2,D,1,2,IM
Poecilia_sphenops_,2,1,D,1,1,IM
Polydactylus_approximans,4,4,D,1,1,OM
Polydactylus_opercularis,4,3,D,1,1,FC
Polydactylus_sp.,6,3,D,1,1,FC
Pomacanthus_paru,4,2,D,2,1,IS
Pomacanthus_zonipectus,4,2,D,1,2,IS
Pomadasys_branickii,3,3,D,1,1,IM
Pontinus_furcirhinus,3,1,N,1,1,FC
Pontinus_sierra,3,1,D,1,1,FC
Pontinus_vaughani,4,1,N,1,1,FC
Porichthys_analis,3,1,D,1,1,FC
Porichthys_ephippiatus,2,1,D,1,1,FC
Porichthys_greenei,2,1,D,1,1,IM
Porichthys_margaritatus,3,2,N,1,1,FC
Porichthys_mimeticus,3,1,D,1,1,FC
Porichthys_myriaster,5,1,N,1,1,FC
Porichthys_notatus,4,1,N,1,1,FC
Porichthys_sp.,3,1,N,1,1,FC
Poromitra_crassiceps,2,1,D,1,2,Pk
Priacanthus_alalaua,3,3,N,3,2,FC
Prionotus_albirostris,3,2,N,3,1,FC
Prionotus_birostratus,3,3,D,1,1,FC
Prionotus_horrens,4,2,D,1,1,FC
Prionotus_ruscarius,4,3,D,1,1,FC
Prionotus_stephanophrys,4,3,D,1,1,FC
Prionurus_laticlavius,5,3,D,4,1,HD
Prionurus_punctatus,5,3,D,4,1,HD
Pristigenys_serrula,4,2,N,3,2,FC
Prognathodes_falcifer,2,2,D,2,2,IS
Prognichthys_sealei,3,3,D,1,3,Pk
Prognichthys_tringa,3,3,D,1,3,Pk
Pronotogrammus_eos,3,2,D,1,2,Pk
Pronotogrammus_multifasciatus,3,1,D,4,2,Pk
Psenes_sio,4,4,D,1,2,FC
Pseudobalistes_naufragium,6,3,D,1,2,IM
Pseudogramma_axelrodi,2,1,D,1,1,FC
Pseudogramma_thaumasia,2,1,N,1,1,FC
Pseudupeneus_grandisquamis,3,3,N,3,2,IM
Pseudupeneus_maculatus,3,2,D,3,1,IM
Pseudupeneus_sp.,3,2,D,3,2,IM
Ptereleotris_carinata,2,1,D,3,1,Pk
Pterois_volitans,4,1,N,1,1,FC
Pycnomma_semisquamatum,1,1,D,1,1,IM
Quassiremus_evionthas,5,2,N,1,1,IM
Quassiremus_nothochir,5,2,N,1,1,IM
Quietula_guaymasiae,1,1,D,1,1,IM
Quietula_y-cauda,1,1,D,1,1,IM
Radulinus_asprellus,2,1,D,1,1,IM
Ranzania_laevis,6,4,D,1,3,Pk
Regalecus_glesne,6,4,D,1,1,FC
Remora_albescens,3,4,D,4,3,FC
Remora_australis,5,4,D,1,3,HD
Remora_brachyptera,4,4,D,1,3,IM
Remora_osteochir,4,4,D,1,3,IM
Remora_remora,6,4,D,1,3,IM
Rhacochilus_toxotes,4,2,D,3,1,IM
Rhacochilus_vacca,4,2,D,1,2,IM
Rhencus_macracanthus,4,3,D,1,2,IM
Rhencus_panamensis,4,3,N,3,2,FC
Rhinogobiops_nicholsii,2,1,N,1,1,Pk
Rhynchoconger_nitens,4,1,D,1,1,Pk
Rimicola_eigenmanni,1,1,D,1,1,IM
Rimicola_muscarum,1,1,D,1,1,IM
Rimicola_sila,1,1,D,1,1,IM
Roncador_stearnsii,5,4,D,3,1,IM
Ruscarius_creaseri,2,1,D,1,1,IM
Ruvettus_pretiosus,3,4,D,2,2,FC
Rypticus_bicolor,3,1,N,1,1,FC
Rypticus_courtenayi,3,1,N,1,1,IM
Rypticus_nigripinnis,3,1,N,1,1,FC
Sagamichthys_abei,4,2,N,1,2,IM
Sarda_chiliensis,6,4,D,3,3,FC
Sarda_orientalis,6,4,D,3,3,FC
Sardinops_sagax,4,3,D,4,3,Pk
Sargocentron_suborbitale,3,1,N,1,2,IM
Scarus_compressus,5,3,D,3,1,HD
Scarus_ghobban,6,3,D,3,1,HD
Scarus_iseri,4,3,D,3,1,HD
Scarus_perrico,5,3,D,3,1,HD
Scarus_rubroviolaceus,5,3,D,3,1,HD
Scarus_sp.,5,3,D,3,3,HD
Scarus_taeniopterus,4,3,D,3,1,HD
Scarus_vetula,5,3,D,3,1,HD
Schedophilus_haedrichi,5,4,D,1,3,FC
Sciaena_deliciosa,4,2,D,1,1,IM
Scomber_australasicus,4,4,D,3,3,FC
Scomber_japonicus,5,4,N,3,3,FC
Scomberomorus_concolor,5,4,D,3,3,FC
Scomberomorus_maculatus,6,4,D,4,3,FC
Scomberomorus_sierra,6,4,D,4,3,FC
Scopelengys_tristis,3,2,D,1,2,IM
Scopeloberyx_microlepis,1,1,D,1,2,Pk
Scopeloberyx_opisthopterus,1,1,D,1,2,Pk
Scopeloberyx_robustus,2,1,D,1,2,Pk
Scopelogadus_mizolepis,2,1,D,1,2,IM
Scopelosaurus_adleri,4,2,D,1,2,FC
Scopelosaurus_harryi,4,2,D,1,2,Pk
Scorpaena_guttata,4,1,N,1,1,FC
Scorpaena_histrio,3,1,N,1,1,FC
Scorpaena_mystes,4,1,N,1,1,FC
Scorpaena_plumieri,4,1,N,1,1,FC
Scorpaena_russula,2,1,N,1,1,FC
Scorpaena_sonorae,3,1,N,1,1,FC
Scorpaenichthys_marmoratus,6,1,D,1,1,FC
Scorpaenodes_xyris,2,1,N,1,1,FC
Scuticaria_tigrina,6,1,N,1,1,FC
Scytalichthys_miurus,6,1,D,1,1,IM
Scytalina_cerdale,2,1,D,1,1,IM
Sebastes_atrovirens,4,1,D,1,1,FC
Sebastes_auriculatus,5,1,D,1,1,FC
Sebastes_babcocki,5,4,D,1,2,FC
Sebastes_brevispinis,5,1,D,1,1,FC
Sebastes_carnatus,4,1,D,1,1,IM
Sebastes_caurinus,5,3,D,3,1,FC
Sebastes_chlorostictus,4,3,D,1,1,FC
Sebastes_chrysomelas,4,1,D,1,1,IM
Sebastes_constellatus,4,1,N,1,1,FC
Sebastes_dallii,3,1,D,1,1,FC
Sebastes_elongatus,4,1,D,1,1,FC
Sebastes_exsul,3,1,N,1,1,FC
Sebastes_flavidus,5,3,D,3,3,FC
Sebastes_goodei,5,1,D,1,1,FC
Sebastes_helvomaculatus,4,1,D,1,1,FC
Sebastes_hopkinsi,3,1,D,4,1,FC
Sebastes_jordani,4,1,D,4,1,IM
Sebastes_lentiginosus,3,1,D,1,1,FC
Sebastes_macdonaldi,5,1,D,1,1,FC
Sebastes_maliger,5,2,D,1,1,IM
Sebastes_melanops,5,1,D,3,1,FC
Sebastes_miniatus,6,1,D,1,1,FC
Sebastes_mystinus,5,1,D,4,2,IM
Sebastes_ovalis,5,2,D,1,1,IM
Sebastes_paucispinis,6,4,N,4,1,FC
Sebastes_pinniger,5,1,D,3,1,IM
Sebastes_rastrelliger,5,1,D,1,1,IM
Sebastes_rosaceus,4,1,D,1,1,FC
Sebastes_rubrivinctus,5,1,D,1,1,FC
Sebastes_rufus,5,2,D,1,1,IM
Sebastes_saxicola,4,1,D,1,1,FC
Sebastes_serranoides,5,1,D,1,1,IM
Sebastes_serriceps,4,1,D,1,1,FC
Sebastes_umbrosus,3,2,D,1,1,IM
Selar_crumenophthalmus,5,4,N,4,3,FC
Selene_brevoortii,4,4,D,4,2,FC
Selene_oerstedi,4,2,D,3,2,FC
Selene_peruviana,4,4,D,3,2,FC
Semicossyphus_pulcher,6,4,D,1,1,IM
Seriola_lalandi,6,4,D,4,2,FC
Seriola_peruana,5,4,D,4,2,FC
Seriola_rivoliana,6,4,D,3,2,FC
Seriphus_politus,3,3,D,3,1,FC
Serranus_aequidens,3,1,D,1,1,FC
Serranus_fasciatus,3,1,D,1,3,FC
Serranus_huascari,3,2,D,1,1,FC
Serranus_psittacinus,3,3,N,1,1,FC
Serranus_socorroensis,2,3,N,1,1,FC
Serranus_tigrinus,3,1,N,2,1,IM
Serrivomer_sector,5,1,D,1,2,IM
Sparisoma_atomarium,3,3,D,3,1,HD
Sparisoma_aurofrenatum,3,3,D,3,1,HD
Sparisoma_chrysopterum,4,3,D,3,1,HD
Sparisoma_rubripinne,4,3,D,3,1,HD
Sparisoma_viride,5,3,D,3,1,HD
Sphoeroides_annulatus,4,2,N,1,1,IS
Sphoeroides_greeleyi,3,2,D,1,1,IM
Sphoeroides_lispus,4,2,N,1,1,IM
Sphoeroides_lobatus,3,2,N,1,1,OM
Sphoeroides_sechurae,6,4,N,1,3,IM
Sphoeroides_sp.,4,2,N,1,1,IM
Sphoeroides_spengleri,3,2,D,1,1,IM
Sphoeroides_testudineus,4,2,D,1,1,IM
Sphyraena_argentea,6,4,N,3,3,FC
Sphyraena_barracuda,6,4,N,3,3,FC
Sphyraena_ensis,6,4,N,4,3,FC
Sphyraena_idiastes,6,4,N,3,3,FC
Sphyraena_lucasana,6,4,N,4,3,FC
Sphyraena_qenie,6,4,N,3,3,FC
Sphyraena_sp.,6,4,N,3,3,FC
Spirinchus_starksi,3,2,N,1,2,IM
Starksia_cremnobates,1,1,D,1,1,IM
Starksia_grammilaga,1,1,D,1,1,IM
Starksia_guadalupae,1,1,D,1,1,IM
Starksia_hoesei,1,1,D,1,1,IM
Starksia_lepidogaster,1,1,D,1,1,IM
Starksia_spinipenis,1,1,D,1,1,IM
Stathmonotus_lugubris,1,1,D,1,1,IM
Stathmonotus_sinuscalifornici,1,1,D,1,1,Pk
Stegastes_acapulcoensis,3,1,D,3,1,OM
Stegastes_adustus,2,1,D,1,1,HD
Stegastes_baldwini,2,2,D,1,2,OM
Stegastes_diencaeus,2,1,D,1,1,HD
Stegastes_flavilatus,2,1,D,3,1,OM
Stegastes_leucorus,2,1,D,3,1,OM
Stegastes_leucostictus,2,1,D,1,1,HD
Stegastes_partitus,2,1,D,3,1,OM
Stegastes_planifrons,2,1,D,1,1,HD
Stegastes_rectifraenum,2,1,D,3,1,OM
Stegastes_redemptus,2,1,D,3,1,OM
Stegastes_sp.,2,1,D,3,1,OM
Stegastes_variabilis,2,1,D,3,1,HD
Stellerina_xyosterna,3,1,D,1,1,FC
Stellifer_pizarroensis,3,2,D,1,2,FC
Stenobrachius_leucopsarus,2,2,N,1,2,FC
Stenobrachius_nannochir,2,2,N,1,2,FC
Stereolepis_gigas,6,4,N,1,1,FC
Sternoptyx_diaphana,1,4,D,1,2,FC
Sternoptyx_obscura,1,4,D,1,2,FC
Sternoptyx_pseudobscura,1,2,D,1,2,IM
Stethojulis_bandanensis,2,2,D,3,1,IM
Stethojulis_sp.,2,2,D,3,1,IM
Stomias_atriventer,3,2,D,1,2,FC
Strongylura_exilis,6,3,D,3,3,FC
Strongylura_strongylura,4,3,D,1,3,FC
Sufflamen_verres,4,3,D,1,1,IM
Syacium_latifrons,3,2,D,1,1,FC
Syacium_maculiferum,3,2,D,1,1,FC
Syacium_ovale,3,2,D,1,1,FC
Syacium_sp.,3,2,D,1,1,FC
Symbolophorus_californiensis,2,2,N,1,3,Pk
Symphurus_atramentatus,2,2,N,1,1,IM
Symphurus_atricaudus,3,2,D,1,1,FC
Symphurus_callopterus,3,2,D,1,1,IM
Symphurus_chabanaudi,3,2,D,1,1,IM
Symphurus_elongatus,3,2,D,1,1,IM
Symphurus_fasciolaris,3,2,D,1,1,IM
Symphurus_gorgonae,2,2,D,1,1,IM
Symphurus_leeorum,2,2,D,1,1,IM
Symphurus_melanurus,3,2,D,1,1,IM
Symphurus_melasmatotheca,2,2,D,1,1,IM
Symphurus_oligomerus,2,2,D,1,1,IM
Symphurus_williamsi,2,2,D,1,1,IM
Synchiropus_atrilabiatus,3,1,D,1,1,IM
Syngnathus_auliscus,3,1,D,1,1,Pk
Syngnathus_californiensis,4,1,D,1,1,IM
Syngnathus_carinatus,3,2,D,1,1,Pk
Syngnathus_euchrous,3,1,D,1,1,IM
Syngnathus_exilis,3,1,D,1,1,IM
Syngnathus_insulae,3,1,D,1,1,IM
Syngnathus_leptorhynchus,4,1,D,1,1,IM
Synodus_evermanni,4,1,D,1,1,FC
Synodus_hoshinonis,3,1,D,1,1,FC
Synodus_lacertinus,3,2,N,1,1,FC
Synodus_lucioceps,5,2,D,1,1,FC
Synodus_scituliceps,5,1,D,1,1,FC
Synodus_sechurae,4,1,D,1,1,FC
Taractichthys_steindachneri,5,3,D,1,2,FC
Tarletonbeania_crenularis,2,2,N,1,2,Pk
Tetragonurus_cuvieri,5,3,D,3,1,IM
Tetrapturus_angustirostris,6,4,D,1,3,FC
Tetrapturus_sp.,6,4,D,1,3,FC
Thalassoma_bifasciatum,3,3,D,3,2,Pk
Thalassoma_grammaticum,4,2,D,3,1,IM
Thalassoma_lucasanum,2,1,D,3,1,IM
Thalassoma_lutescens,3,2,D,3,2,IM
Thalassoma_purpureum,4,2,D,3,2,FC
Thalassoma_robertsoni,2,1,D,1,3,IM
Thalassoma_virens,3,1,D,3,2,IM
Thaleichthys_pacificus,4,3,D,1,3,Pk
Thunnus_alalunga,6,4,D,3,3,FC
Thunnus_albacares,6,4,D,3,3,FC
Thunnus_obesus,6,4,D,3,3,FC
Thunnus_orientalis,6,4,D,3,3,FC
Thunnus_thynnus,6,4,D,3,3,FC
Tigrigobius_redimiculus,1,2,D,1,1,IM
Tomicodon_boehlkei,1,1,D,1,1,IM
Tomicodon_humeralis,2,1,D,1,1,IM
Tomicodon_myersi,1,1,D,1,1,IM
Tomicodon_zebra,1,1,D,1,1,IM
Totoaba_macdonaldi,6,4,D,3,2,FC
Trachinotus_kennedyi,6,4,D,1,2,FC
Trachinotus_paitensis,5,4,D,3,2,FC
Trachinotus_rhodopus,5,4,D,4,2,FC
Trachinotus_stilbe,4,4,D,4,2,FC
Trachipterus_altivelis,6,4,D,1,3,FC
Trachipterus_fukuzakii,6,4,D,1,1,FC
Trachurus_symmetricus,6,4,D,4,2,FC
Trichiurus_lepturus,6,4,D,1,2,FC
Trichiurus_nitens,6,4,D,3,2,FC
Trichodon_trichodon,4,1,D,1,1,IM
Trinectes_fonsecensis,3,1,D,1,1,FC
Triphoturus_mexicanus,1,1,D,1,3,Pk
Tylosurus_acus,6,4,D,3,3,FC
Tylosurus_crocodilus,6,4,D,3,3,FC
Tylosurus_fodiator,6,4,D,1,3,FC
Tylosurus_imperialis,6,4,D,1,3,FC
Tylosurus_melanotus,6,4,D,1,3,FC
Tylosurus_pacificus,6,4,D,1,3,FC
Tylosurus_sp.,6,4,D,1,3,FC
Typhlogobius_californiensis,2,1,D,3,1,HD
Ulvicola_sanctaerosae,3,2,D,1,3,IM
Umbrina_dorsalis,4,2,D,3,2,IM
Umbrina_roncador,5,3,D,3,1,FC
Umbrina_wintersteeni,3,2,D,1,2,FC
Umbrina_xanti,4,2,D,1,1,FC
Uraspis_helvola,5,4,N,3,2,FC
Uraspis_secunda,4,4,N,3,3,FC
Uropterygius_macrocephalus,4,1,N,1,1,IM
Uropterygius_polystictus,5,1,N,1,1,IM
Uropterygius_versutus,5,1,D,1,1,FC
Valenciennellus_tripunctulatus,1,2,D,1,2,IM
Vinciguerria_lucetia,2,2,D,1,2,Pk
Vinciguerria_nimbaria,1,2,N,1,2,IM
Vinciguerria_poweriae,1,2,N,1,2,IM
Xanthichthys_lineopunctatus,3,3,D,1,2,Pk
Xanthichthys_mento,3,3,D,3,2,Pk
Xenichthys_xanti,3,3,N,4,1,IM
Xenomedea_rhodopyga,1,1,D,1,1,IM
Xenomystax_atrarius,6,1,D,1,1,FC
Xiphias_gladius,6,4,D,1,3,FC
Xiphister_atropurpureus,4,1,D,1,1,IM
Xirichtys_mundiceps,2,2,D,1,1,IM
Xyrichtys_sp.,2,2,D,1,1,IM
Xystreurys_liolepis,5,2,D,1,1,IM
Zalembius_rosaceus,3,2,N,1,1,IM
Zalieutes_elater,2,1,D,1,1,FC
Zanclus_canescens,3,2,D,3,2,IS
Zanclus_cornutus,3,2,D,3,1,IS
Zaniolepis_frenatus,3,1,D,1,1,IM
Icelinus_cavifrons,2,1,D,1,1,FC
Gymnothorax_verrilli,4,1,N,1,1,FC
Lophogobius_cristulatus,2,1,D,1,1,IM
Stellifer_ericymba,3,1,D,1,1,Pk
Umbrina_analis,4,1,D,1,1,IM
