Species,Size,Mobility,Activity,Gregariousness,Position,Diet
Abantennarius_coccineus,2,1,D,1,1,FC
Abantennarius_sanguineus,2,1,D,1,1,FC
Ablennes_hians,6,4,D,4,1,FC
Abudefduf_concolor,3,2,D,3,1,HD
Abudefduf_declivifrons,3,2,D,3,1,HD
Abudefduf_saxatilis,3,2,D,4,1,FC
Abudefduf_taurus,3,2,D,3,1,HD
Abudefduf_troschelii,3,2,D,4,2,Pk
Acanthemblemaria_balanorum,1,1,D,1,1,Pk
Acanthemblemaria_crockeri,1,1,D,1,1,Pk
Acanthemblemaria_macrospilus,1,1,D,1,1,Pk
Acanthocybium_solandri,6,4,D,3,3,FC
Acanthostracion_notacanthus,4,2,D,1,1,IS
Acanthurus_achilles,3,2,D,3,3,HD
Acanthurus_bahianus,4,3,D,3,3,HD
Acanthurus_chirurgus,4,3,D,3,3,HD
Acanthurus_coeruleus,4,3,D,3,3,HD
Acanthurus_glaucopareius,4,3,D,1,2,HD
Acanthurus_nigricans,4,1,D,3,2,HD
Acanthurus_triostegus,3,4,D,4,1,HD
Acanthurus_xanthopterus,5,3,D,3,1,HD
Achirus_mazatlanus,3,3,D,1,1,FC
Achirus_scutum,3,3,D,1,1,IM
Albula_argentea,5,2,D,1,1,IM
Albula_esuncula,4,4,D,3,1,IM
Albula_gilberti,3,2,D,1,2,IM
Albula_nemoptera,5,3,D,1,1,IM
Albula_pacifica,5,3,D,1,1,IM
Albula_vulpes,6,2,D,3,1,IM
Alectis_ciliaris,6,4,D,3,3,FC
Alloclinus_holderi,2,1,D,1,1,IM
Alphestes_afer,4,1,N,1,1,IM
Alphestes_immaculatus,3,1,N,1,1,IM
Alphestes_multiguttatus,3,1,N,1,1,IM
Aluterus_monoceros,5,4,D,2,2,HD
Aluterus_scriptus,6,4,D,1,2,OM
Ammodytoides_gilli,2,2,D,1,1,IM
Amphiatichus_koelzi,4,2,D,1,3,Pk
Amphistichus_argenteus,4,3,D,3,2,Pk
Amphistichus_rhodoterus,4,3,D,1,3,Pk
Anarrhichthys_ocellatus,6,1,D,1,1,Pk
Anchoa_argentivittata,2,2,D,3,3,Pk
Anchoa_compressa,2,2,D,3,3,Pk
Anchoa_curta,2,2,D,1,3,Pk
Anchoa_delicatissima,2,2,D,3,2,Pk
Anchoa_exigua,1,2,D,3,3,Pk
Anchoa_helleri,2,2,D,4,3,Pk
Anchoa_ischana,3,2,D,3,3,FC
Anchoa_lucida,2,2,D,3,3,IM
Anchoa_mundeoloides,2,2,D,3,3,IM
Anchoa_nasus,3,2,D,3,3,IM
Anchoa_scofieldi,1,2,D,1,3,IM
Anchoa_walkeri,2,2,D,3,3,FC
Anchovia_macrolepidota,3,2,D,4,3,IM
Ancylopsetta_dendritica,4,2,D,1,1,FC
Anisotremus_caesius,3,3,N,3,3,FC
Anisotremus_davidsonii,5,4,N,4,2,FC
Anisotremus_interruptus,5,4,N,3,2,IM
Anisotremus_surinamensis,5,3,N,3,1,IM
Anisotremus_taeniatus,4,3,N,3,2,IM
Anisotremus_virginicus,4,3,N,3,1,FC
Anoplogaster_cornuta,3,2,D,3,2,Pk
Antennarius_commerson,4,1,N,1,1,Pk
Antennatus_strigatus,2,1,D,1,1,Pk
Antennatus_tuberosus,2,2,D,1,1,IM
Apodichthys_fucorum,3,1,D,1,1,FC
Apogon_atradorsatus,2,1,N,3,2,IM
Apogon_atricaudus,2,1,N,3,2,IS
Apogon_dovii,2,1,N,3,2,IS
Apogon_guadalupensis,2,1,N,3,1,IS
Apogon_pacificus,2,1,N,3,2,IM
Apogon_retrosella,2,1,N,3,2,FC
Argentina_sialis,3,2,D,1,2,FC
Argyropelecus_affinis,2,2,D,1,2,Pk
Argyropelecus_hemigymnus,1,2,N,1,2,Pk
Argyropelecus_sladeni,2,2,D,1,2,Pk
Ariopsis_guatemalensis,5,3,D,1,1,HD
Ariopsis_seemanni,4,4,D,1,1,FC
Aristostomias_scintillans,3,2,D,1,2,Pk
Arothron_hispidus,4,2,D,1,2,FC
Arothron_meleagris,4,2,D,1,2,FC
Arothron_setosus,4,2,D,1,2,FC
Artedius_corallinus,2,1,D,1,1,FC
Artedius_notospilotus,3,1,D,1,1,FC
Aruma_histrio,1,1,D,1,1,IM
Aseraggodes_herrei,2,2,D,1,1,IM
Astroscopus_zephyreus,4,3,D,1,1,Pk
Atherinella_balsana,2,3,D,1,2,Pk
Atherinella_eriarcha,2,4,D,3,3,Pk
Atherinella_nepenthe,2,4,D,1,3,Pk
Atherinops_affinis,4,2,D,3,3,FC
Atherinopsis_californiensis,4,2,D,3,3,IM
Atractoscion_nobilis,6,4,N,4,1,IM
Aulorhynchus_flavidus,3,2,D,4,2,IM
Aulostomus_chinensis,5,2,D,1,2,IM
Aulostomus_maculatus,6,2,D,3,1,FC
Auxis_brachydorax,4,4,D,1,3,FC
Auxis_rochei,4,4,D,3,3,IM
Auxis_thazard,5,4,D,1,3,IM
Axoclinus_storeyae,1,2,D,1,1,FC
Azurina_atrilobata,2,2,D,3,2,FC
Azurina_cyanea,2,2,D,3,2,Pk
Azurina_hirundo,2,1,D,3,2,IM
Azurina_multilineata,3,2,D,4,2,IM
Bagre_panamensis,5,4,D,1,1,Pk
Bagre_pinnimaculatus,6,4,D,1,1,IM
Bairdiella_armata,3,3,D,1,2,IM
Bairdiella_icistia,3,3,D,1,1,FC
Balistes_polylepis,5,3,D,1,1,FC
Balistes_vetula,5,3,D,1,1,FC
Barbulifer_mexicanus,1,1,D,1,1,FC
Barbulifer_pantherinus,1,1,D,1,1,Pk
Bathygobius_lineatus,2,1,D,1,1,IM
Bathygobius_ramosus,3,1,D,1,1,Pk
Bathygobius_soporator,2,1,D,1,1,Pk
Batrachoides_pacifici,4,1,D,1,1,IM
Bellator_gymnostethus,2,3,D,1,1,IM
Bellator_loxias,2,3,D,1,1,Pk
Bellator_xenisma,2,3,D,1,1,IM
Benthosema_panamense,1,2,N,4,3,IM
Bodianus_diplotaenia,5,3,D,1,1,IM
Bodianus_pulcher,6,4,D,1,1,IM
Bodianus_rufus,4,3,D,1,1,IM
Bolinichthys_pyrsobolus,2,2,N,1,3,HD
Bollmannia_ocellata,2,1,D,1,1,OM
Bothus_constellatus,3,1,D,1,1,Pk
Bothus_leopardinus,3,2,D,1,1,OM
Bothus_lunatus,4,1,D,1,1,IS
Bothus_mancus,5,2,N,1,1,OM
Brachygenys_californiensis,3,3,N,4,2,FC
Brachygenys_chrysargyreum,3,3,N,3,1,FC
Brachyistius_aletes,3,2,D,1,1,FC
Brachyistius_frenatus,3,2,D,4,1,FC
Bregmaceros_mcclellandi,2,3,D,1,3,FC
Brockius_striatus,1,1,D,1,1,FC
Brosmophycis_marginata,4,1,N,1,1,FC
Brotula_clarkae,6,2,N,1,2,FC
Brotula_ordwayi,5,2,N,1,2,FC
Bryx_veleronis,1,1,D,1,2,FC
Calamus_brachysomus,5,3,D,3,1,FC
Calamus_penna,4,3,D,3,1,FC
Calamus_pennatula,4,3,D,3,1,FC
Calamus_taurinus,4,3,D,3,2,FC
Calotomus_carolinus,5,3,D,1,2,IM
Calotomus_spinidens,3,3,D,1,2,IM
Cantherhines_dumerilii,4,3,D,2,2,IM
Cantherhines_sandwichiensis,3,3,D,2,2,IM
Canthidermis_maculata,4,3,D,4,2,HD
Canthigaster_jamestyleri,2,1,D,1,1,FC
Canthigaster_punctatissima,2,1,D,2,1,FC
Canthigaster_rostrata,2,1,D,3,1,FC
Carangoides_ferdau,5,4,D,3,3,FC
Carangoides_orthogrammus,5,4,D,3,3,FC
Carangoides_otrynter,5,4,D,1,2,IM
Caranx_bartholomaei,6,4,D,1,2,FC
Caranx_caballus,5,4,D,3,2,FC
Caranx_caninus,6,4,D,4,2,FC
Caranx_crysos,5,4,D,4,2,IS
Caranx_hippos,6,4,D,4,3,HD
Caranx_latus,6,4,D,4,3,IM
Caranx_lugubris,6,4,N,4,2,IM
Caranx_melampygus,6,4,D,3,2,IM
Caranx_orthogrammus,5,4,D,3,2,IS
Caranx_otrynter,5,4,D,1,2,OM
Caranx_rhonchus,5,4,D,4,2,IS
Caranx_ruber,5,4,D,4,2,IS
Caranx_sexfasciatus,6,4,N,4,2,IS
Caranx_vinctus,4,4,D,4,3,FC
Carapus_dubius,2,1,N,1,1,OM
Cathorops_dasycephalus,4,4,D,1,1,Pk
Caulolatilus_affinis,4,3,D,1,1,Pk
Caulolatilus_hubbsi,4,3,D,1,1,Pk
Caulolatilus_princeps,6,3,D,1,1,Pk
Cebidichthys_violaceus,5,1,D,1,1,FC
Centropomus_medius,5,4,D,1,1,Pk
Centropomus_nigrescens,6,3,D,1,1,Pk
Centropomus_robalito,4,3,D,1,3,IM
Centropomus_unionensis,4,3,D,1,1,IM
Centropomus_viridis,6,4,D,1,1,IM
Centropyge_bicolor,2,1,D,3,2,IM
Cephalopholis_cruentata,4,3,N,1,1,Pk
Cephalopholis_fulva,4,3,N,1,1,HD
Cephalopholis_panamensis,4,1,N,1,1,IM
Cetengraulis_mysticetus,3,3,D,4,3,Pk
Chaenomugil_proboscideus,3,3,D,3,2,Pk
Chaenopsis_alepidota,2,1,D,1,1,Pk
Chaenopsis_coheni,2,1,D,1,1,Pk
Chaetodipterus_zonatus,5,3,D,3,2,OM
Chaetodon_capistratus,2,1,D,2,1,Pk
Chaetodon_humeralis,3,1,D,3,3,Pk
Chaetodon_meyeri,3,1,D,2,3,FC
Chaetodon_ocellatus,3,1,D,2,1,FC
Chaetodon_sedentarius,2,1,D,2,1,FC
Chaetodon_striatus,3,1,D,2,1,FC
Chanos_chanos,6,4,D,4,2,FC
Chauliodus_macouni,3,2,N,1,2,IM
Cheilopogon_atrisignis,4,4,D,1,3,FC
Cheilopogon_californicus,4,4,D,1,3,IM
Cheilopogon_dorsomacula,3,4,D,1,3,Pk
Cheilopogon_heterurus,4,4,D,1,3,HD
Cheilopogon_hubbsi,4,4,D,1,3,HD
Cheilopogon_papilio,3,4,D,1,3,FC
Cheilopogon_pinnatibarbatus,4,4,D,1,3,IM
Cheilopogon_spilonotopterus,4,4,D,1,3,IM
Cheilopogon_unicolor,4,4,D,1,3,IM
Cheilopogon_xenopterus,3,4,D,1,3,IM
Cheilotrema_saturnum,4,3,D,3,1,IM
Chilara_taylori,4,1,N,1,1,Pk
Chilomycterus_reticulatus,5,2,N,1,1,FC
Chloroscombrus_chrysurus,5,4,D,4,3,HD
Chloroscombrus_orqueta,3,4,D,3,2,Pk
Chriolepis_cuneata,1,1,D,1,1,IM
Chriolepis_semisquamata,1,1,D,1,1,Pk
Chromis_alta,2,1,D,4,2,OM
Chromis_insolata,3,1,D,3,2,IM
Chromis_limbaughi,2,1,D,3,1,IM
Chromis_punctipinnis,3,1,D,3,1,HD
Chromis_scotti,2,1,D,3,2,IM
Cirrhitichthys_oxycephalus,2,1,D,1,1,FC
Cirrhitus_rivulatus,5,2,D,1,1,IM
Citharichthys_fragilis,3,2,D,1,1,FC
Citharichthys_gilberti,3,1,D,1,1,FC
Citharichthys_gordae,2,2,D,1,1,FC
Citharichthys_platophrys,3,2,D,1,1,FC
Citharichthys_stigmaeus,3,2,D,1,1,FC
Citharichthys_xanthostigma,3,2,D,1,1,FC
Clarkichthys_bilineatus,1,1,D,1,1,FC
Clepticus_parrae,3,2,D,4,2,FC
Clevelandia_ios,1,1,D,1,1,Pk
Clinocottus_analis,3,1,D,1,1,Pk
Clinocottus_recalvus,2,2,D,1,3,Pk
Cololabis_saira,4,4,D,3,3,IM
Colpichthys_hubbsi,2,2,D,1,1,IM
Colpichthys_regis,2,2,D,1,1,IM
Conodon_serrifer,4,3,D,1,1,IM
Cookeolus_japonicus,5,2,N,1,2,FC
Coralliozetus_boehlkei,1,1,D,1,1,Pk
Coralliozetus_micropes,1,2,D,1,3,Pk
Corvula_macrops,3,3,D,3,2,Pk
Coryphaena_equiselis,6,4,D,3,3,Pk
Coryphaena_hippurus,6,4,D,3,3,Pk
Coryphopterus_glaucofraenum,2,1,D,1,1,FC
Coryphopterus_personatus,1,1,D,4,2,FC
Coryphopterus_urospilus,1,1,D,1,1,Pk
Cosmocampus_arctus,2,1,N,1,1,IM
Crocodilichthys_gracilis,1,1,D,1,1,IM
Cryptacanthodes_giganteus,6,1,D,1,1,Pk
Cryptotrema_corallinum,2,1,D,1,1,FC
Cryptotrema_seftoni,1,1,D,1,1,IM
Ctenochaetus_marginatus,3,1,D,3,2,IM
Ctenogobius_sagittula,3,1,D,1,1,IM
Cyclopsetta_chittendeni,4,2,D,1,1,FC
Cyclopsetta_panamensis,4,2,D,1,1,IM
Cyclopsetta_querna,4,2,D,1,1,IM
Cyclothone_acclinidens,1,2,N,1,2,HD
Cyclothone_braueri,1,2,D,1,2,Pk
Cyclothone_pallida,1,2,D,1,2,FC
Cyclothone_pseudopallida,1,2,D,1,2,IM
Cyclothone_signata,1,2,D,1,2,IM
Cymatogaster_aggregata,3,2,D,3,1,IM
Cynoscion_nobilis,6,3,D,3,1,IS
Cynoscion_othonopterus,5,3,D,1,2,IM
Cynoscion_parvipinnis,5,3,D,1,1,FC
Cynoscion_phoxocephalus,5,2,D,1,1,FC
Cynoscion_reticulatus,6,3,D,1,1,FC
Cynoscion_squamipinnis,5,3,D,1,3,IM
Cynoscion_stolzmanni,6,3,D,1,1,Pk
Cynoscion_xanthulus,6,3,D,1,2,Pk
Cypselurus_angusticeps,3,4,D,1,3,IM
Cypselurus_callopterus,3,4,D,1,3,FC
Cypselurus_simus,3,4,D,1,3,Pk
Dactylagnus_mundus,2,1,D,1,1,IM
Dactyloscopus_amnis,2,2,D,1,1,HD
Dactyloscopus_byersorum,1,1,D,1,1,FC
Dactyloscopus_elongatus,1,1,D,1,1,IM
Dactyloscopus_heraldi,1,1,D,1,1,FC
Dactyloscopus_insulatus,1,1,D,1,1,FC
Dactyloscopus_lunaticus,1,1,D,1,1,IM
Dactyloscopus_pectoralis,1,2,D,1,1,FC
Dajaus_monticola,4,3,D,3,3,FC
Decapterus_macarellus,4,4,D,3,3,FC
Decapterus_macrosoma,4,4,N,3,3,HD
Decapterus_muroadsi,4,4,D,3,3,IM
Decapterus_punctatus,3,4,D,4,3,IM
Decapterus_tabl,4,4,D,4,1,FC
Decodon_melasma,4,2,D,1,1,FC
Dermatolepis_dermatolepis,6,3,D,1,1,Pk
Desmodema_lorum,6,3,D,1,2,OM
Dialommus_macrocephalus,2,2,D,1,1,IM
Diaphus_theta,2,1,D,1,2,OM
Diapterus_brevirostris,4,3,D,1,1,IM
Diapterus_peruvianus,4,3,D,1,1,IM
Diodon_eydouxii,3,2,D,3,3,OM
Diodon_holocanthus,4,2,N,1,1,OM
Diodon_hystrix,4,2,N,1,1,Pk
Diogenichthys_atlanticus,1,1,N,1,2,FC
Diogenichthys_laternatus,1,2,D,1,3,FC
Diplectrum_eumelum,4,3,D,1,1,IM
Diplectrum_euryplectrum,3,3,D,1,1,IM
Diplectrum_labarum,3,3,D,1,1,Pk
Diplectrum_macropoma,3,3,D,1,1,Pk
Diplectrum_maximum,4,2,D,1,2,FC
Diplectrum_pacificum,4,3,D,1,1,FC
Diplectrum_rostrum,3,3,D,1,2,FC
Diplectrum_sciurus,3,3,D,1,1,Pk
Dormitator_latifrons,4,1,D,1,1,IS
Dorosoma_petenense,4,2,D,3,3,IM
Doryrhamphus_excisus,1,1,N,2,1,FC
Echeneis_naucrates,6,4,D,1,3,IM
Echiodon_exsilium,2,1,N,1,1,IM
Ekemblemaria_myersi,1,1,D,1,1,IM
Elacatinus_jarocho,1,1,D,3,2,IM
Elacatinus_oceanops,1,1,D,3,1,FC
Elacatinus_punticulatus,1,1,D,1,1,IM
Elagatis_bipinnulata,6,4,D,3,3,FC
Elattarchus_archidium,4,3,D,1,3,IM
Elops_affinis,6,4,N,4,3,IM
Elops_saurus,6,4,D,4,1,HD
Embiotoca_jacksoni,4,1,D,3,1,HD
Embiotoca_lateralis,4,2,D,1,1,IM
Emblemaria_hypacanthus,1,1,D,1,1,FC
Emblemaria_walkeri,1,1,D,1,1,IM
Encheliophis_vermicularis,2,1,N,1,1,IM
Engraulis_mordax,3,3,D,4,3,IM
Enneanectes_reticulatus,1,1,D,1,1,IM
Entomacrodus_chiostictus,2,1,D,1,1,IM
Epinephelus_acanthistius,6,3,D,1,1,IM
Epinephelus_adscensionis,5,3,N,1,1,IM
Epinephelus_analogus,6,3,N,1,1,Pk
Epinephelus_cifuentesi,6,3,N,1,1,Pk
Epinephelus_clippertonensis,5,3,N,1,1,IM
Epinephelus_fasciatus,4,3,D,1,1,IM
Epinephelus_guttatus,3,2,D,1,1,IM
Epinephelus_itajara,6,3,N,1,1,FC
Epinephelus_labriformis,5,3,N,1,1,FC
Epinephelus_quinquefasciatus,6,4,D,1,1,FC
Erotelis_armiger,4,1,D,1,1,FC
Esselenichthys_carli,3,1,D,1,1,FC
Esselenichthys_laurae,2,1,D,1,1,IM
Etropus_ciadi,2,3,D,1,1,FC
Etropus_crossotus,3,3,D,1,1,FC
Etropus_peruvianus,3,3,D,1,1,FC
Etrumeus_sadina,4,4,D,4,3,OM
Eucinostomus_argenteus,3,3,D,1,1,IM
Eucinostomus_currani,3,3,D,3,1,FC
Eucinostomus_dowii,3,3,D,1,1,IM
Eucinostomus_entomelas,3,3,D,3,1,IM
Eucinostomus_gracilis,3,3,D,1,1,FC
Eucinostomus_melanopterus,3,3,D,3,1,IM
Eucyclogobius_newberryi,1,1,D,1,1,IM
Eugerres_axillaris,3,3,D,3,1,IM
Eugerres_lineatus,3,3,D,1,2,FC
Euleptorhamphus_viridis,5,4,D,1,3,FC
Euthynnus_affinis,6,4,D,4,3,IM
Euthynnus_lineatus,6,4,D,3,3,Pk
Evermannia_longipinnis,1,1,D,1,1,Pk
Evermannia_zosterura,1,2,D,1,1,IM
Exerpes_asper,1,1,D,1,1,IM
Exocoetus_monocirrhus,3,4,D,1,3,IM
Exocoetus_volitans,3,4,D,3,3,IM
Fistularia_commersonii,6,4,D,3,2,IM
Fistularia_corneta,6,4,D,3,3,Pk
Fodiator_acutus,3,3,D,1,3,IM
Fodiator_rostratus,3,3,D,1,3,IM
Forcipiger_flavissimus,3,1,D,3,2,IM
Forcipiger_longirostris,3,2,D,2,2,IM
Fowlerichthys_avalonis,4,1,D,1,1,IM
Fundulus_parvipinnis,2,2,D,1,2,IM
Galeichthys_peruvianus,4,4,D,1,1,IM
Gempylus_serpens,6,4,N,1,3,IM
Genyonemus_lineatus,4,2,D,1,1,IM
Gerres_cinereus,4,3,N,4,1,IM
Gerres_simillimus,4,3,D,1,1,IM
Gibbonsia_elegans,3,1,D,1,1,IM
Gibbonsia_metzi,3,1,D,1,1,Pk
Gibbonsia_montereyensis,2,1,D,1,1,Pk
Gillellus_arenicola,1,1,D,1,1,FC
Gillellus_healae,2,1,D,1,1,FC
Gillellus_ornatus,1,1,D,1,1,FC
Gillellus_semicinctus,1,1,D,1,1,IM
Gillichthys_mirabilis,3,2,D,1,1,Pk
Gillichthys_seta,3,2,D,1,1,Pk
Girella_laevifrons,4,3,D,1,2,Pk
Girella_nigricans,5,4,D,4,2,Pk
Girella_simplicidens,4,3,D,4,2,IM
Gnathanodon_speciosus,6,4,D,3,2,FC
Gobiesox_eugrammus,1,1,D,1,1,IM
Gobiesox_maeandricus,3,1,D,1,1,IM
Gobiesox_marijeanae,1,1,D,1,1,IM
Gobiesox_papillifer,1,1,D,1,1,FC
Gobiesox_pinniger,2,1,D,1,1,Pk
Gobiesox_rhessodon,1,1,D,1,1,Pk
Gobiesox_schultzi,2,1,D,1,1,Pk
Gobiosoma_chiquita,1,1,D,1,1,Pk
Gobiosoma_seminudum,1,2,D,1,1,IS
Gobulus_crescentalis,1,1,D,1,1,IS
Gobulus_hancocki,1,1,D,1,1,IS
Gonostoma_atlanticum,1,2,N,1,2,IM
Gramma_loreto,2,1,D,3,1,IM
Grammonus_diagrammus,3,1,N,1,1,IM
Guentheridia_formosa,3,1,D,1,1,IM
Gymneleotris_seminuda,1,1,D,1,1,IM
Haemulon_aurolineatum,3,3,N,4,1,FC
Haemulon_carbonarium,4,3,N,3,1,IM
Haemulon_flaviguttatum,4,3,N,4,1,HD
Haemulon_flavolineatum,3,3,N,4,1,OM
Haemulon_macrostoma,4,3,N,3,1,OM
Haemulon_maculicauda,3,3,N,4,1,IS
Haemulon_melanurum,4,3,N,3,1,IM
Haemulon_parra,4,3,N,3,1,HD
Haemulon_plumierii,5,3,N,4,1,IM
Haemulon_sciurus,4,3,N,3,1,IM
Haemulon_scudderii,4,3,N,4,1,IM
Haemulon_sexfasciatum,5,3,N,3,1,IM
Haemulon_steindachneri,3,3,N,4,2,FC
Haemulon_striatum,3,3,N,3,2,FC
Haemulon_vittatum,3,3,N,4,2,FC
Haemulopsis_axillaris,4,3,D,1,1,OM
Haemulopsis_elongatus,3,3,D,1,1,HD
Haemulopsis_leuciscus,4,3,D,1,1,FC
Haemulopsis_nitidus,3,3,D,1,1,FC
Halichoeres_adustus,2,1,D,3,1,FC
Halichoeres_aestuaricola,3,2,D,1,1,IM
Halichoeres_bivittatus,4,3,D,3,1,HD
Halichoeres_burekae,2,2,D,3,2,HD
Halichoeres_chierchiae,3,1,D,3,1,HD
Halichoeres_dispilus,3,1,D,3,1,HD
Halichoeres_garnoti,3,2,D,1,1,Pk
Halichoeres_inornatus,3,2,D,1,1,HD
Halichoeres_insularis,1,1,D,3,1,HD
Halichoeres_melanotis,2,1,D,3,1,IM
Halichoeres_nicholsi,4,1,D,3,1,IM
Halichoeres_notospilus,3,1,D,3,1,IM
Halichoeres_pictus,2,3,D,1,2,IM
Halichoeres_poeyi,3,3,D,1,1,IM
Halichoeres_radiatus,5,3,D,3,1,IS
Halichoeres_semicinctus,4,1,D,3,1,IS
Harengula_thrissina,3,2,D,3,3,IM
Hemanthias_peruanus,4,3,D,3,2,Pk
Hemanthias_signifer,4,3,D,3,2,Pk
Hemicaranx_leucurus,4,4,D,3,2,Pk
Hemicaranx_zelotes,4,4,D,1,2,IM
Hemilepidotus_hemilepidotus,4,1,N,1,1,FC
Hemiramphus_saltator,4,3,D,4,3,IM
Heteropriacanthus_cruentatus,5,2,N,3,2,IM
Heterostichus_rostratus,5,1,D,1,1,IM
Hexagrammos_lagocephalus,5,2,D,1,3,IM
Hippocampus_ingens,3,1,N,1,1,IM
Hippoglossina_bollmani,3,2,D,1,1,Pk
Hippoglossina_stomata,4,2,D,1,1,Pk
Hippoglossina_tetrophthalma,4,2,D,1,1,IM
Hippoglossoides_elassodon,4,2,D,1,1,IM
Hirundichthys_marginatus,3,4,D,1,3,IM
Hirundichthys_oxycephalus,3,4,D,1,3,FC
Hirundichthys_rondeletii,3,4,D,1,3,FC
Hirundichthys_speculiger,3,4,D,1,3,Pk
Holacanthus_bermudensis,4,2,D,1,1,FC
Holacanthus_clarionensis,2,2,D,3,2,FC
Holacanthus_limbaughi,3,2,D,1,2,FC
Holacanthus_passer,4,2,D,3,2,IM
Holacanthus_tricolor,4,2,D,1,1,FC
Holocentrus_adscensionis,5,1,N,1,1,IM
Hoplopagrus_guentherii,6,3,N,1,1,FC
Hygophum_hanseni,1,1,N,1,2,FC
Hygophum_reinhardtii,1,1,N,1,2,FC
Hyperprosopon_anale,3,2,D,1,1,FC
Hyperprosopon_argenteum,3,2,D,4,1,Pk
Hyperprosopon_ellipticum,3,2,D,1,1,IM
Hypoplectrus_castroaguirrei,2,1,N,1,1,IM
Hypoplectrus_indigo,2,1,N,1,1,IM
Hypoplectrus_nigricans,3,1,N,1,1,FC
Hyporhamphus_gilli,3,4,D,3,3,FC
Hyporhamphus_naos,3,4,D,3,3,IM
Hyporhamphus_rosae,2,4,D,3,3,IM
Hyporhamphus_snyderi,2,4,D,1,3,IM
Hyporhamphus_unifasciatus,3,4,D,4,3,IM
Hyporthodus_acanthistius,6,3,N,1,1,IM
Hyporthodus_exsul,6,4,D,1,1,IM
Hyporthodus_nigritus,6,3,D,1,1,IM
Hyporthodus_niphobles,4,3,N,1,1,IM
Hyporthodus_niveatus,6,4,D,1,1,IM
Hypsoblennius_brevipinnis,2,1,D,1,1,IM
Hypsoblennius_gentilis,2,1,D,1,1,IM
Hypsoblennius_gilberti,3,1,D,1,1,OM
Hypsoblennius_jenkinsi,2,1,D,1,1,Pk
Hypsopsetta_guttulata,4,2,D,1,1,OM
Hypsurus_caryi,3,2,D,1,1,OM
Hypsypops_rubicundus,3,1,D,3,1,IM
Icelinus_cavifrons,2,1,D,1,1,OM
Icelinus_quadriseriatus,2,2,D,1,1,IM
Icichthys_lockingtoni,4,3,D,1,3,IM
Idiacanthus_antrostomus,4,2,N,1,2,Pk
Ilypnus_gilberti,1,1,D,1,1,FC
Ilypnus_luculentus,1,1,D,1,1,IM
Iniistius_pavo,4,2,D,1,1,IM
Isopisthus_remifer,4,3,D,1,2,IM
Isopsetta_isolepis,5,4,D,1,1,OM
Istiompax_indica,6,4,D,1,3,OM
Istiophorus_platypterus,6,4,D,1,3,FC
Johnrandallia_nigrirostris,3,2,D,3,2,IM
Jordania_zonope,2,1,D,1,1,FC
Joturus_pichardi,5,3,D,1,3,HD
Kajikia_audax,6,4,D,1,3,HD
Kathetostoma_averruncus,4,3,D,1,1,HD
Katsuwonus_pelamis,6,4,D,3,3,IM
Kuhlia_mugil,4,3,D,3,2,FC
Kyphosus_analogus,4,3,D,3,2,IM
Kyphosus_azureus,4,3,D,3,2,IM
Kyphosus_elegans,5,3,D,4,2,FC
Kyphosus_lutescens,5,3,D,1,2,FC
Kyphosus_ocyurus,5,4,D,3,3,OM
Kyphosus_sectatrix,5,3,D,3,2,HD
Kyphosus_vaigiensis,5,3,D,4,2,HD
Labrisomus_multiporosus,3,1,D,1,1,HD
Labrisomus_socorroensis,2,1,D,1,1,HD
Labrisomus_wigginsi,3,1,D,1,1,IM
Labrisomus_xanti,3,1,D,1,1,IM
Lactophrys_bicaudalis,4,2,D,1,1,IM
Lactophrys_triqueter,4,2,D,1,1,IM
Lactoria_diaphana,4,2,D,1,2,FC
Lagocephalus_lagocephalus,5,4,D,1,2,IM
Lampanyctus_festivus,2,3,N,1,2,FC
Lampanyctus_tenuiformis,3,3,N,1,2,FC
Larimus_acclivis,3,3,D,1,3,FC
Larimus_argenteus,4,3,D,1,3,FC
Larimus_effulgens,3,3,D,1,3,FC
Larimus_pacificus,4,3,D,1,3,FC
Leiocottus_hirundo,3,1,D,1,1,IM
Lepidogobius_lepidus,2,1,D,1,1,IM
Lepidonectes_clarkhubbsi,1,1,D,1,1,IM
Lepidopus_caudatus,6,4,N,3,2,IM
Lepophidium_negropinna,5,1,D,1,1,IM
Lepophidium_pardale,3,1,D,1,1,Pk
Lepophidium_prorates,3,1,D,1,1,FC
Lepophidium_stigmatistium,3,1,D,1,1,IM
Leptocottus_armatus,4,1,D,1,1,IM
Lestidiops_ringens,3,2,D,1,2,HD
Lethops_connectens,1,1,D,1,1,HD
Leuresthes_sardina,3,2,D,1,1,Pk
Leuresthes_tenuis,3,2,D,1,3,FC
Leuroglossus_stilbius,2,1,D,1,3,IM
Lile_nigrofasciata,2,2,D,1,3,IM
Lile_stolifera,3,2,D,1,3,IM
Liopropoma_fasciatum,3,1,N,1,1,IM
Liopropoma_longilepis,3,1,D,1,1,IM
Lobotes_pacifica,6,3,D,1,2,IM
Lobotes_surinamensis,6,3,D,1,2,HD
Lonchopisthus_sinuscalifornicus,3,1,D,1,1,Pk
Lophiodes_caulinaris,4,1,D,1,1,FC
Lophiomus_setigerus,4,2,D,1,1,Pk
Lophogobius_cristulatus,2,1,D,1,1,IM
Lumpenopsis_hypochroma,2,2,D,1,2,FC
Lutjanus_apodus,5,3,N,3,2,IM
Lutjanus_aratus,6,3,N,1,2,IM
Lutjanus_argentiventris,5,4,N,4,1,IM
Lutjanus_colorado,6,4,N,1,1,IM
Lutjanus_griseus,4,3,N,3,1,IM
Lutjanus_guttatus,5,3,N,3,2,IM
Lutjanus_inermis,4,3,N,3,2,IM
Lutjanus_jocu,6,3,N,3,1,IM
Lutjanus_jordani,5,4,N,3,1,FC
Lutjanus_mahogoni,4,3,N,3,1,FC
Lutjanus_novemfasciatus,6,4,N,1,1,FC
Lutjanus_peru,6,4,N,4,1,IM
Lutjanus_synagris,5,3,N,3,1,FC
Lutjanus_viridis,3,4,N,4,2,FC
Luvarus_imperialis,6,4,D,1,3,FC
Lycengraulis_poeyi,3,2,D,1,3,IM
Lythrypnus_dalli,1,1,D,2,1,IM
Lythrypnus_zebra,1,1,D,1,1,OM
Macropinna_microstoma,2,1,D,1,2,FC
Macroramphosus_gracilis,2,3,D,4,3,IM
Magnisudis_atlantica,5,4,D,1,3,IM
Makaira_mazara,6,4,D,3,3,Pk
Starksia_lepidogaster,1,1,D,1,1,IM
Makaira_nigricans,6,4,D,1,3,Pk
Malacoctenus_afuerae,2,1,D,1,1,Pk
Malacoctenus_ebisui,1,1,D,1,1,FC
Malacoctenus_gigas,2,1,D,1,1,IM
Malacoctenus_hubbsi,2,1,D,1,1,IM
Malacoctenus_margaritae,1,1,D,1,1,Pk
Malacoctenus_mexicanus,1,1,D,1,1,FC
Malacoctenus_polyporosus,2,1,D,1,1,IM
Malacoctenus_tetranemus,2,1,D,1,1,IM
Malacoctenus_triangulatus,2,1,D,1,1,IM
Malacoctenus_zacae,1,1,D,1,1,OM
Malacoctenus_zonifer,2,1,D,1,1,IM
Medialuna_californiensis,4,4,D,3,1,IM
Melanorhinus_cyanellus,2,3,D,4,3,IM
Melichthys_niger,4,3,D,4,2,IM
Melichthys_vidua,4,3,D,3,2,IM
Menticirrhus_elongatus,5,3,D,1,1,OM
Menticirrhus_nasus,5,3,D,1,1,IM
Menticirrhus_panamensis,5,3,D,1,2,Pk
Menticirrhus_undulatus,5,3,D,1,2,IM
Merluccius_angustimanus,4,3,D,1,1,Pk
Merluccius_productus,6,3,N,4,3,HD
Microdesmus_affinis,2,1,D,1,1,IM
Microdesmus_dorsipunctatus,2,1,D,1,1,IM
Microgadus_proximus,4,3,D,1,2,IM
Microgobius_brevispinis,2,1,D,1,1,IM
Microgobius_cyclolepis,2,1,D,1,1,IM
Microgobius_emblematicus,2,1,D,1,1,IM
Microgobius_miraflorensis,1,1,D,1,1,FC
Microgobius_tabogensis,2,1,D,1,1,FC
Microlepidotus_brevipinnis,4,3,N,4,2,IM
Microlepidotus_inornatus,4,3,N,4,2,FC
Micrometrus_aurora,3,2,D,1,1,IM
Micrometrus_minimus,3,2,D,3,1,FC
Micropogonias_altipinnis,6,3,D,1,2,IM
Micropogonias_ectenes,4,3,D,1,1,IM
Micropogonias_megalops,4,3,D,1,2,FC
Microspathodon_bairdii,3,1,D,1,1,FC
Microspathodon_chrysurus,3,1,D,1,1,FC
Microspathodon_dorsalis,4,1,D,1,1,Pk
Microstomus_pacificus,5,2,D,1,1,Pk
Mola_mola,6,4,D,1,3,OM
Monacanthus_tuckeri,2,2,D,1,1,IM
Monocentris_japonica,3,2,D,3,1,IM
Monolene_asaedai,2,1,D,1,1,IM
Monolene_dubiosa,1,2,D,1,1,IM
Mugil_cephalus,6,3,D,3,2,Pk
Mugil_curema,6,4,D,4,2,IM
Mugil_hospes,4,3,D,3,1,FC
Mugil_setosus,3,3,D,1,1,IM
Mugil_thoburni,3,3,D,1,3,FC
Mulloidichthys_dentatus,4,2,N,4,1,IM
Mulloidichthys_martinicus,4,2,D,3,1,IM
Mulloidichthys_vanicolensis,4,2,N,3,2,IM
Mycteroperca_bonaci,6,2,N,1,1,IM
Mycteroperca_jordani,6,4,D,1,1,Pk
Mycteroperca_olfax,6,3,N,1,1,FC
Mycteroperca_phenax,6,3,N,1,1,FC
Mycteroperca_prionura,6,3,N,1,1,FC
Mycteroperca_rosacea,6,3,N,1,1,FC
Mycteroperca_xenarcha,6,4,D,1,1,IM
Myripristis_berndti,3,2,N,3,2,IS
Myripristis_clarionensis,3,2,N,3,2,IS
Myripristis_gildi,3,2,D,1,2,IM
Myripristis_leiognathus,3,2,N,3,2,FC
Myripristis_murdjan,5,2,N,1,2,FC
Myxodagnus_macrognathus,2,1,D,1,1,FC
Myxodagnus_opercularis,1,1,D,1,1,FC
Nansenia_crassa,3,2,D,1,3,FC
Naso_annulatus,6,4,D,3,2,FC
Naucrates_ductor,5,4,D,3,3,FC
Nautichthys_oculofasciatus,3,2,N,1,1,FC
Nematistius_pectoralis,6,4,D,1,1,FC
Neoclinus_blanchardi,3,1,D,1,1,FC
Neoclinus_stephensae,2,1,D,1,1,FC
Neoclinus_uninotatus,3,1,D,1,1,HD
Neoopisthopterus_tropicus,2,2,D,1,3,FC
Neopomacentrus_cyanomos,2,2,D,3,2,IS
Nicholsina_denticulata,3,3,D,3,1,Pk
Nomeus_gronovii,4,4,D,1,1,Pk
Notarius_kessleri,4,2,D,1,1,Pk
Notarius_planiceps,5,2,D,1,1,FC
Notarius_troschelii,5,3,D,1,1,IM
Novaculichthys_taeniourus,3,2,D,1,1,IM
Occidentarius_platypogon,4,4,D,1,1,IM
Ocyurus_chrysurus,6,3,N,3,2,IM
Odontopyxis_trispinosa,2,1,D,1,1,Pk
Odontoscion_xanthops,3,3,D,4,3,FC
Ogilbia_davidsmithi,2,1,N,1,1,IM
Ogilbia_nigromarginata,2,1,N,1,1,IM
Ogilbia_nudiceps,1,1,N,1,1,IM
Ogilbia_sedorae,1,1,N,1,1,IM
Ogilbia_ventralis,2,1,D,1,1,IM
Oligocottus_rubellio,2,2,D,1,2,Pk
Oligocottus_snyderi,2,1,D,1,1,FC
Oligoplites_altus,5,4,D,3,2,FC
Oligoplites_refulgens,3,4,D,3,3,HD
Oligoplites_saurus,4,4,D,3,3,IM
Oncorhynchus_clarkii,6,3,D,1,1,IM
Oncorhynchus_gorbuscha,5,4,D,1,3,IM
Ophidion_galeoides,3,1,D,1,1,IM
Ophidion_imitator,3,1,D,1,1,IM
Ophidion_iris,3,1,D,1,1,FC
Ophidion_scrippsae,3,1,D,1,3,FC
Ophioblennius_clippertonensis,3,2,D,1,2,IM
Ophioblennius_macclurei,2,1,D,1,1,FC
Ophioblennius_steindachneri,3,1,D,1,1,FC
Ophiodon_elongatus,6,1,D,1,1,FC
Ophioscion_scierus,4,3,D,1,1,Pk
Ophioscion_strabo,4,3,D,1,1,HD
Ophioscion_typicus,3,2,D,1,1,HD
Ophioscion_vermicularis,4,2,D,1,1,HD
Opisthonema_bulleri,3,3,D,3,3,HD
Opisthonema_libertate,3,2,D,4,3,HD
Opisthonema_medirastre,3,2,D,3,3,HD
Opisthopterus_dovii,3,2,D,1,3,HD
Opisthopterus_equatorialis,2,2,D,1,1,HD
Opistognathus_brochus,1,1,D,1,1,FC
Opistognathus_fossoris,2,1,D,1,1,FC
Opistognathus_mexicanus,2,1,D,1,1,FC
Opistognathus_panamensis,2,1,D,1,1,FC
Opistognathus_punctatus,4,1,D,1,1,FC
Opistognathus_rhomaleus,5,1,D,1,1,FC
Opistognathus_rosenblatti,2,1,D,1,1,FC
Opistognathus_scops,2,1,D,1,1,FC
Oplegnathus_insignis,5,2,D,1,1,FC
Oreochromis_mossambicus,4,1,D,3,1,FC
Orthonopias_triacis,2,1,D,1,1,FC
Orthopristis_cantharinus,4,3,N,3,2,FC
Orthopristis_chalceus,4,3,N,3,2,FC
Orthopristis_forbesi,4,3,N,4,2,FC
Orthopristis_reddingi,4,3,N,3,2,IM
Ostracion_meleagris,3,2,D,1,1,FC
Otophidium_indefatigabile,2,1,D,1,1,FC
Oxycirrhites_typus,2,1,D,1,1,IM
Oxyjulis_californica,3,3,D,3,3,FC
Oxylebius_pictus,3,3,D,1,1,IM
Oxyporhamphus_micropterus,3,4,D,1,3,FC
Parablennius_marmoreus,2,1,D,1,1,FC
Paraclinus_altivelis,1,1,D,1,1,FC
Paraclinus_integripinnis,1,1,D,1,1,FC
Paraclinus_monophthalmus,2,1,D,1,1,FC
Paraclinus_sini,1,1,D,1,1,FC
Paralabrax_auroguttatus,5,3,D,1,1,IM
Paralabrax_clathratus,5,2,D,1,1,FC
Paralabrax_loro,4,3,D,1,1,FC
Paralabrax_maculatofasciatus,5,3,D,1,1,FC
Paralabrax_nebulifer,5,2,D,1,1,FC
Paralichthys_aestuarius,5,2,D,1,1,IM
Paralichthys_californicus,6,2,D,1,1,FC
Paralichthys_woolmani,5,2,D,1,1,FC
Paralonchurus_rathbuni,3,2,D,1,2,IM
Paranthias_colonus,4,4,D,4,2,FC
Paranthias_furcifer,3,3,D,3,2,FC
Parapsettus_panamensis,3,3,D,3,2,FC
Pareques_fuscovittatus,3,2,N,3,1,FC
Pareques_viola,3,3,N,3,1,FC
Paricelinus_hopliticus,3,1,D,1,1,FC
Parophrys_vetulus,4,1,D,1,1,FC
Parrela_ginsburgi,2,1,D,1,1,FC
Parrella_maxillaris,1,1,D,1,1,FC
Pempheris_schomburgkii,2,1,N,3,2,FC
Peprilus_medius,4,3,D,1,2,FC
Peprilus_ovatus,3,3,D,1,2,IM
Peprilus_simillimus,3,3,D,3,2,HD
Peprilus_snyderi,3,3,D,1,2,HD
Perissias_taeniopterus,2,1,D,1,1,HD
Peristedion_paucibarbiger,1,1,D,1,1,HD
Petrotyx_hopkinsi,3,1,N,1,1,HD
Phanerodon_atripes,3,2,D,1,1,IM
Phanerodon_furcatus,4,2,D,1,1,IM
Phanerodon_vacca,4,2,D,1,1,OM
Pherallodiscus_funebris,2,1,D,1,1,IM
Phthanophaneron_harveyi,2,2,N,3,3,IM
Phtheirichthys_lineatus,5,4,D,1,3,IM
Physiculus_nematopus,3,3,D,1,3,FC
Phytichthys_chirus,3,1,D,1,1,FC
Plagiotremus_azaleus,2,1,D,1,1,FC
Platichthys_stellatus,6,3,D,1,1,FC
Platybelone_argalus,4,4,D,3,3,FC
Platybelone_pterura,4,4,D,1,3,FC
Plectrypops_lima,3,2,N,1,2,IM
Pleurogrammus_monopterygius,5,3,D,1,1,IM
Pleuronichthys_coenosus,3,1,D,1,1,IM
Pleuronichthys_decurrens,4,1,D,1,1,IM
Pleuronichthys_guttulatus,4,2,D,1,1,IM
Pleuronichthys_ocellatus,3,2,D,1,1,Pk
Pleuronichthys_ritteri,3,2,D,1,1,OM
Pleuronichthys_verticalis,4,2,D,1,1,HD
Poecilia_butleri,1,2,D,1,2,HD
Poecilia_sphenops_,2,1,D,1,1,OM
Polydactylus_approximans,4,4,D,1,1,OM
Pomacanthus_paru,4,1,D,2,1,HD
Pomacanthus_zonipectus,4,2,D,1,2,OM
Pomadasys_branickii,3,3,D,1,1,OM
Pontinus_furcirhinus,3,1,N,1,1,OM
Pontinus_sierra,3,1,D,1,1,HD
Pontinus_vaughani,4,1,N,1,1,FC
Porichthys_analis,3,1,D,1,1,IM
Porichthys_ephippiatus,2,1,D,1,1,IM
Porichthys_greenei,2,1,D,1,1,FC
Porichthys_margaritatus,3,2,N,1,1,FC
Porichthys_myriaster,5,1,N,1,1,FC
Porichthys_notatus,4,1,N,1,1,FC
Priacanthus_alalaua,3,3,N,3,2,IM
Prionotus_albirostris,3,2,N,3,1,FC
Prionotus_birostratus,3,3,D,1,1,IM
Prionotus_horrens,4,2,D,1,1,IM
Prionotus_ruscarius,4,3,D,1,1,IM
Prionotus_stephanophrys,4,3,D,1,1,IM
Prionurus_laticlavius,5,3,D,4,1,IM
Prionurus_punctatus,5,3,D,4,1,IM
Pristigenys_serrula,4,2,N,3,2,IM
Prognathodes_falcifer,2,2,D,2,2,IM
Prognichthys_sealei,3,3,D,1,3,IM
Prognichthys_tringa,3,3,D,1,3,Pk
Pronotogrammus_eos,3,2,D,1,2,IM
Pronotogrammus_multifasciatus,3,1,D,4,2,Pk
Psenes_sio,4,4,D,1,2,IM
Pseudobalistes_naufragium,6,3,D,1,2,IM
Pseudogramma_axelrodi,2,1,D,1,1,IM
Pseudogramma_thaumasia,2,1,N,1,1,IM
Pseudupeneus_grandisquamis,3,3,N,3,2,FC
Pseudupeneus_maculatus,3,2,D,3,1,FC
Ptereleotris_carinata,2,1,D,3,1,FC
Pterois_volitans,4,1,N,1,1,FC
Pycnomma_semisquamatum,1,1,D,1,1,FC
Quietula_guaymasiae,1,1,D,1,1,Pk
Quietula_y-cauda,1,1,D,1,1,IM
Radulinus_asprellus,2,1,D,1,1,IM
Ranzania_laevis,6,4,D,1,3,IM
Regalecus_glesne,6,4,D,1,1,FC
Remora_albescens,3,4,D,4,3,IM
Remora_australis,5,4,D,1,3,FC
Remora_brachyptera,4,4,D,1,3,FC
Remora_osteochir,4,4,D,1,3,FC
Remora_remora,6,4,D,1,3,FC
Rhacochilus_toxotes,4,2,D,3,1,FC
Rhacochilus_vacca,4,2,D,1,2,IM
Rhencus_macracanthus,4,3,D,1,2,IM
Rhencus_panamensis,4,3,N,3,2,IM
Rhinogobiops_nicholsii,2,1,N,1,1,IM
Rimicola_eigenmanni,1,1,D,1,1,FC
Rimicola_muscarum,1,1,D,1,1,FC
Rimicola_sila,1,1,D,1,1,FC
Roncador_stearnsii,5,4,D,3,1,FC
Ruscarius_creaseri,2,1,D,1,1,FC
Ruvettus_pretiosus,3,4,D,2,2,FC
Rypticus_bicolor,3,1,N,1,1,FC
Rypticus_courtenayi,3,1,N,1,1,FC
Rypticus_nigripinnis,3,1,N,1,1,FC
Sagamichthys_abei,4,2,N,1,2,FC
Sarda_chiliensis,6,4,D,3,3,Pk
Sarda_orientalis,6,4,D,3,3,FC
Sardinops_sagax,4,3,D,4,3,FC
Sargocentron_suborbitale,3,1,N,1,2,FC
Scarus_compressus,5,3,D,3,1,FC
Scarus_ghobban,6,3,D,3,1,FC
Scarus_iseri,4,3,D,3,1,FC
Scarus_perrico,5,3,D,3,1,FC
Scarus_rubroviolaceus,5,3,D,3,1,HD
Scarus_taeniopterus,4,3,D,3,1,FC
Scarus_vetula,5,3,D,3,1,FC
Schedophilus_haedrichi,5,4,D,1,3,FC
Sciaena_deliciosa,4,2,D,1,1,FC
Scomber_australasicus,4,4,D,3,3,FC
Scomber_japonicus,5,4,N,3,3,IM
Scomberomorus_concolor,5,4,D,3,3,IM
Scomberomorus_maculatus,6,4,D,4,3,FC
Scomberomorus_sierra,6,4,D,4,3,Pk
Scopeloberyx_microlepis,1,1,D,1,2,IM
Scopeloberyx_robustus,2,1,D,1,2,FC
Scopelosaurus_harryi,4,2,D,1,2,IM
Scorpaena_guttata,4,1,N,1,1,IM
Scorpaena_histrio,3,1,N,1,1,IM
Scorpaena_mystes,4,1,N,1,1,IM
Scorpaena_plumieri,4,1,N,1,1,FC
Scorpaena_russula,2,1,N,1,1,IS
Scorpaena_sonorae,3,1,N,1,1,IS
Scorpaenichthys_marmoratus,6,1,D,1,1,FC
Scorpaenodes_xyris,2,1,N,1,1,FC
Scytalina_cerdale,2,1,D,1,1,IM
Sebastes_atrovirens,4,1,D,1,1,FC
Sebastes_auriculatus,5,1,D,1,1,FC
Sebastes_babcocki,5,4,D,1,2,FC
Sebastes_brevispinis,5,1,D,1,1,FC
Sebastes_carnatus,4,1,D,1,1,IM
Sebastes_caurinus,5,3,D,3,1,FC
Sebastes_chlorostictus,4,3,D,1,1,FC
Sebastes_chrysomelas,4,1,D,1,1,IM
Sebastes_constellatus,4,1,N,1,1,FC
Sebastes_dallii,3,1,D,1,1,FC
Sebastes_elongatus,4,1,D,1,1,FC
Sebastes_exsul,3,1,N,1,1,FC
Sebastes_flavidus,5,3,D,3,3,FC
Sebastes_goodei,5,1,D,1,1,FC
Sebastes_helvomaculatus,4,1,D,1,1,FC
Sebastes_hopkinsi,3,1,D,4,1,FC
Sebastes_jordani,4,1,D,4,1,IM
Sebastes_lentiginosus,3,1,D,1,1,FC
Sebastes_macdonaldi,5,1,D,1,1,FC
Sebastes_maliger,5,2,D,1,1,IM
Sebastes_melanops,5,1,D,3,1,FC
Sebastes_miniatus,6,1,D,1,1,FC
Sebastes_mystinus,5,1,D,4,2,IM
Sebastes_ovalis,5,2,D,1,1,IM
Sebastes_paucispinis,6,4,N,4,1,FC
Sebastes_pinniger,5,1,D,3,1,IM
Sebastes_rastrelliger,5,1,D,1,1,IM
Sebastes_rosaceus,4,1,D,1,1,FC
Sebastes_rubrivinctus,5,1,D,1,1,FC
Sebastes_rufus,5,2,D,1,1,IM
Sebastes_saxicola,4,1,D,1,1,FC
Sebastes_serranoides,5,1,D,1,1,IM
Sebastes_serriceps,4,1,D,1,1,FC
Sebastes_umbrosus,3,2,D,1,1,IM
Selar_crumenophthalmus,5,4,N,4,3,FC
Selene_brevoortii,4,4,D,4,2,FC
Selene_oerstedi,4,2,D,3,2,FC
Selene_peruviana,4,4,D,3,2,FC
Semicossyphus_pulcher,6,4,D,1,1,IM
Seriola_lalandi,6,4,D,4,2,FC
Seriola_peruana,5,4,D,4,2,FC
Seriola_rivoliana,6,4,D,3,2,FC
Seriphus_politus,3,3,D,3,1,FC
Serranus_aequidens,3,1,D,1,1,FC
Serranus_fasciatus,3,1,D,1,3,FC
Serranus_huascari,3,2,D,1,1,FC
Serranus_psittacinus,3,3,N,1,1,FC
Serranus_socorroensis,2,3,N,1,1,FC
Serranus_tigrinus,3,1,N,2,1,IM
Sparisoma_atomarium,3,3,D,3,1,HD
Sparisoma_aurofrenatum,3,3,D,3,1,HD
Sparisoma_chrysopterum,4,3,D,3,1,HD
Sparisoma_rubripinne,4,3,D,3,1,HD
Sparisoma_viride,5,3,D,3,1,HD
Sphoeroides_annulatus,4,2,N,1,1,IS
Sphoeroides_greeleyi,3,2,D,1,1,IM
Sphoeroides_lispus,4,2,N,1,1,IM
Sphoeroides_lobatus,3,2,N,1,1,OM
Sphoeroides_sechurae,6,4,N,1,3,IM
Sphoeroides_spengleri,3,2,D,1,1,IM
Sphoeroides_testudineus,4,2,D,1,1,IM
Sphyraena_argentea,6,4,N,3,3,FC
Sphyraena_barracuda,6,4,N,3,3,FC
Sphyraena_ensis,6,4,N,4,3,FC
Sphyraena_idiastes,6,4,N,3,3,FC
Sphyraena_lucasana,6,4,N,4,3,FC
Sphyraena_qenie,6,4,N,3,3,FC
Spirinchus_starksi,3,2,N,1,2,IM
Starksia_cremnobates,1,1,D,1,1,IM
Starksia_grammilaga,1,1,D,1,1,IM
Starksia_guadalupae,1,1,D,1,1,IM
Starksia_hoesei,1,1,D,1,1,IM
Starksia_spinipenis,1,1,D,1,1,IM
Stathmonotus_lugubris,1,1,D,1,1,IM
Stathmonotus_sinuscalifornici,1,1,D,1,1,Pk
Stegastes_acapulcoensis,3,1,D,3,1,OM
Stegastes_adustus,2,1,D,1,1,HD
Stegastes_baldwini,2,2,D,1,2,OM
Stegastes_diencaeus,2,1,D,1,1,HD
Stegastes_flavilatus,2,1,D,3,1,OM
Stegastes_leucorus,2,1,D,3,1,OM
Stegastes_leucostictus,2,1,D,1,1,HD
Stegastes_partitus,2,1,D,3,1,OM
Stegastes_planifrons,2,1,D,1,1,HD
Stegastes_rectifraenum,2,1,D,3,1,OM
Stegastes_redemptus,2,1,D,3,1,OM
Stegastes_variabilis,2,1,D,3,1,HD
Stellerina_xyosterna,3,1,D,1,1,FC
Stellifer_ericymba,3,1,D,1,1,Pk
Stellifer_pizarroensis,3,2,D,1,2,FC
Stenobrachius_leucopsarus,2,2,N,1,2,FC
Stereolepis_gigas,6,4,N,1,1,FC
Stethojulis_bandanensis,2,2,D,3,1,IM
Strongylura_exilis,6,3,D,3,3,FC
Strongylura_strongylura,4,3,D,1,3,FC
Sufflamen_verres,4,3,D,1,1,IM
Syacium_latifrons,3,2,D,1,1,FC
Syacium_maculiferum,3,2,D,1,1,FC
Syacium_ovale,3,2,D,1,1,FC
Symphurus_atramentatus,2,2,N,1,1,IM
Symphurus_atricaudus,3,2,D,1,1,FC
Symphurus_callopterus,3,2,D,1,1,IM
Symphurus_chabanaudi,3,2,D,1,1,IM
Symphurus_elongatus,3,2,D,1,1,IM
Symphurus_fasciolaris,3,2,D,1,1,IM
Symphurus_gorgonae,2,2,D,1,1,IM
Symphurus_leeorum,2,2,D,1,1,IM
Symphurus_melanurus,3,2,D,1,1,IM
Symphurus_melasmatotheca,2,2,D,1,1,IM
Symphurus_oligomerus,2,2,D,1,1,IM
Symphurus_williamsi,2,2,D,1,1,IM
Synchiropus_atrilabiatus,3,1,D,1,1,IM
Syngnathus_auliscus,3,1,D,1,1,Pk
Syngnathus_californiensis,4,1,D,1,1,IM
Syngnathus_carinatus,3,2,D,1,1,Pk
Syngnathus_euchrous,3,1,D,1,1,IM
Syngnathus_exilis,3,1,D,1,1,IM
Syngnathus_insulae,3,1,D,1,1,IM
Syngnathus_leptorhynchus,4,1,D,1,1,IM
Synodus_evermanni,4,1,D,1,1,FC
Synodus_hoshinonis,3,1,D,1,1,FC
Synodus_lacertinus,3,2,N,1,1,FC
Synodus_lucioceps,5,2,D,1,1,FC
Synodus_scituliceps,5,1,D,1,1,FC
Synodus_sechurae,4,1,D,1,1,FC
Tarletonbeania_crenularis,2,2,N,1,2,Pk
Tetragonurus_cuvieri,5,3,D,3,1,IM
Tetrapturus_angustirostris,6,4,D,1,3,FC
Thalassoma_bifasciatum,3,3,D,3,2,Pk
Thalassoma_grammaticum,4,2,D,3,1,IM
Thalassoma_lucasanum,2,1,D,3,1,IM
Thalassoma_lutescens,3,2,D,3,2,IM
Thalassoma_purpureum,4,2,D,3,2,FC
Thalassoma_robertsoni,2,1,D,1,3,IM
Thalassoma_virens,3,1,D,3,2,IM
Thaleichthys_pacificus,4,3,D,1,3,Pk
Thunnus_alalunga,6,4,D,3,3,FC
Thunnus_albacares,6,4,D,3,3,FC
Thunnus_obesus,6,4,D,3,3,FC
Thunnus_orientalis,6,4,D,3,3,FC
Thunnus_thynnus,6,4,D,3,3,FC
Tigrigobius_redimiculus,1,2,D,1,1,IM
Tomicodon_boehlkei,1,1,D,1,1,IM
Tomicodon_humeralis,2,1,D,1,1,IM
Tomicodon_myersi,1,1,D,1,1,IM
Tomicodon_zebra,1,1,D,1,1,IM
Totoaba_macdonaldi,6,4,D,3,2,FC
Trachinotus_kennedyi,6,4,D,1,2,FC
Trachinotus_paitensis,5,4,D,3,2,FC
Trachinotus_rhodopus,5,4,D,4,2,FC
Trachinotus_stilbe,4,4,D,4,2,FC
Trachipterus_altivelis,6,4,D,1,3,FC
Trachipterus_fukuzakii,6,4,D,1,1,FC
Trachurus_symmetricus,6,4,D,4,2,FC
Trichiurus_lepturus,6,4,D,1,2,FC
Trichiurus_nitens,6,4,D,3,2,FC
Trichodon_trichodon,4,1,D,1,1,IM
Trinectes_fonsecensis,3,1,D,1,1,FC
Triphoturus_mexicanus,1,1,D,1,3,Pk
Tylosurus_acus,6,4,D,3,3,FC
Tylosurus_crocodilus,6,4,D,3,3,FC
Tylosurus_fodiator,6,4,D,1,3,FC
Tylosurus_imperialis,6,4,D,1,3,FC
Tylosurus_melanotus,6,4,D,1,3,FC
Tylosurus_pacificus,6,4,D,1,3,FC
Typhlogobius_californiensis,2,1,D,3,1,HD
Ulvicola_sanctaerosae,3,2,D,1,3,IM
Umbrina_analis,4,1,D,1,1,IM
Umbrina_dorsalis,4,2,D,3,2,IM
Umbrina_roncador,5,3,D,3,1,FC
Umbrina_wintersteeni,3,2,D,1,2,FC
Umbrina_xanti,4,2,D,1,1,FC
Uraspis_helvola,5,4,N,3,2,FC
Uraspis_secunda,4,4,N,3,3,FC
Vinciguerria_nimbaria,1,2,N,1,2,IM
Xanthichthys_lineopunctatus,3,3,D,1,2,Pk
Xanthichthys_mento,3,3,D,3,2,Pk
Xenichthys_xanti,3,3,N,4,1,IM
Xenomedea_rhodopyga,1,1,D,1,1,IM
Xiphias_gladius,6,4,D,1,3,FC
Xiphister_atropurpureus,4,1,D,1,1,IM
Xirichtys_mundiceps,2,2,D,1,1,IM
Xystreurys_liolepis,5,2,D,1,1,IM
Zalembius_rosaceus,3,2,N,1,1,IM
Zalieutes_elater,2,1,D,1,1,FC
Zanclus_canescens,3,2,D,3,2,IS
Zanclus_cornutus,3,2,D,3,1,IS
Zaniolepis_frenatus,3,1,D,1,1,IM